stim_num	turker_label	true_label	is_correct	eventType	experimentName	iterationName	gameid	time	role	rule_idx	rule_name	rule_file_name	round_num
te crests) or white tails"	birds_purple_wings_white_crests_or_white_tails	0
1	false	false	true	logTest	mp-game-6	pilot	1123-e67f4a00-fbfa-4ab4-a29e-e90e3370b877	1561681599464	explorer	30	"birds with (purple wings and white crests) or white tails"	birds_purple_wings_white_crests_or_white_tails	0
2	false	true	false	logTest	mp-game-6	pilot	1123-e67f4a00-fbfa-4ab4-a29e-e90e3370b877	1561681599464	explorer	30	"birds with (purple wings and white crests) or white tails"	birds_purple_wings_white_crests_or_white_tails	0
3	false	false	true	logTest	mp-game-6	pilot	1123-e67f4a00-fbfa-4ab4-a29e-e90e3370b877	1561681599464	explorer	30	"birds with (purple wings and white crests) or white tails"	birds_purple_wings_white_crests_or_white_tails	0
4	false	true	false	logTest	mp-game-6	pilot	1123-e67f4a00-fbfa-4ab4-a29e-e90e3370b877	1561681599464	explorer	30	"birds with (purple wings and white crests) or white tails"	birds_purple_wings_white_crests_or_white_tails	0
5	true	false	false	logTest	mp-game-6	pilot	1123-e67f4a00-fbfa-4ab4-a29e-e90e3370b877	1561681599464	explorer	30	"birds with (purple wings and white crests) or white tails"	birds_purple_wings_white_crests_or_white_tails	0
6	false	false	true	logTest	mp-game-6	pilot	1123-e67f4a00-fbfa-4ab4-a29e-e90e3370b877	1561681599464	explorer	30	"birds with (purple wings and white crests) or white tails"	birds_purple_wings_white_crests_or_white_tails	0
7	false	true	false	logTest	mp-game-6	pilot	1123-e67f4a00-fbfa-4ab4-a29e-e90e3370b877	1561681599464	explorer	30	"birds with (purple wings and white crests) or white tails"	birds_purple_wings_white_crests_or_white_tails	0
8	false	false	true	logTest	mp-game-6	pilot	1123-e67f4a00-fbfa-4ab4-a29e-e90e3370b877	1561681599464	explorer	30	"birds with (purple wings and white crests) or white tails"	birds_purple_wings_white_crests_or_white_tails	0
9	false	false	true	logTest	mp-game-6	pilot	1123-e67f4a00-fbfa-4ab4-a29e-e90e3370b877	1561681599464	explorer	30	"birds with (purple wings and white crests) or white tails"	birds_purple_wings_white_crests_or_white_tails	0
10	false	true	false	logTest	mp-game-6	pilot	1123-e67f4a00-fbfa-4ab4-a29e-e90e3370b877	1561681599464	explorer	30	"birds with (purple wings and white crests) or white tails"	birds_purple_wings_white_crests_or_white_tails	0
11	false	true	false	logTest	mp-game-6	pilot	1123-e67f4a00-fbfa-4ab4-a29e-e90e3370b877	1561681599464	explorer	30	"birds with (purple wings and white crests) or white tails"	birds_purple_wings_white_crests_or_white_tails	0
12	false	false	true	logTest	mp-game-6	pilot	1123-e67f4a00-fbfa-4ab4-a29e-e90e3370b877	1561681599464	explorer	30	"birds with (purple wings and white crests) or white tails"	birds_purple_wings_white_crests_or_white_tails	0
13	false	false	true	logTest	mp-game-6	pilot	1123-e67f4a00-fbfa-4ab4-a29e-e90e3370b877	1561681599464	explorer	30	"birds with (purple wings and white crests) or white tails"	birds_purple_wings_white_crests_or_white_tails	0
14	false	true	false	logTest	mp-game-6	pilot	1123-e67f4a00-fbfa-4ab4-a29e-e90e3370b877	1561681599464	explorer	30	"birds with (purple wings and white crests) or white tails"	birds_purple_wings_white_crests_or_white_tails	0
15	false	false	true	logTest	mp-game-6	pilot	1123-e67f4a00-fbfa-4ab4-a29e-e90e3370b877	1561681599464	explorer	30	"birds with (purple wings and white crests) or white tails"	birds_purple_wings_white_crests_or_white_tails	0
16	false	true	false	logTest	mp-game-6	pilot	1123-e67f4a00-fbfa-4ab4-a29e-e90e3370b877	1561681599464	explorer	30	"birds with (purple wings and white crests) or white tails"	birds_purple_wings_white_crests_or_white_tails	0
17	false	true	false	logTest	mp-game-6	pilot	1123-e67f4a00-fbfa-4ab4-a29e-e90e3370b877	1561681599464	explorer	30	"birds with (purple wings and white crests) or white tails"	birds_purple_wings_white_crests_or_white_tails	0
18	false	false	true	logTest	mp-game-6	pilot	1123-e67f4a00-fbfa-4ab4-a29e-e90e3370b877	1561681599464	explorer	30	"birds with (purple wings and white crests) or white tails"	birds_purple_wings_white_crests_or_white_tails	0
19	false	false	true	logTest	mp-game-6	pilot	1123-e67f4a00-fbfa-4ab4-a29e-e90e3370b877	1561681599464	explorer	30	"birds with (purple wings and white crests) or white tails"	birds_purple_wings_white_crests_or_white_tails	0
20	false	false	true	logTest	mp-game-6	pilot	1123-e67f4a00-fbfa-4ab4-a29e-e90e3370b877	1561681599464	explorer	30	"birds with (purple wings and white crests) or white tails"	birds_purple_wings_white_crests_or_white_tails	0
21	false	false	true	logTest	mp-game-6	pilot	1123-e67f4a00-fbfa-4ab4-a29e-e90e3370b877	1561681599464	explorer	30	"birds with (purple wings and white crests) or white tails"	birds_purple_wings_white_crests_or_white_tails	0
22	false	false	true	logTest	mp-game-6	pilot	1123-e67f4a00-fbfa-4ab4-a29e-e90e3370b877	1561681599464	explorer	30	"birds with (purple wings and white crests) or white tails"	birds_purple_wings_white_crests_or_white_tails	0
23	false	false	true	logTest	mp-game-6	pilot	1123-e67f4a00-fbfa-4ab4-a29e-e90e3370b877	1561681599464	explorer	30	"birds with (purple wings and white crests) or white tails"	birds_purple_wings_white_crests_or_white_tails	0
24	false	false	true	logTest	mp-game-6	pilot	1123-e67f4a00-fbfa-4ab4-a29e-e90e3370b877	1561681599464	explorer	30	"birds with (purple wings and white crests) or white tails"	birds_purple_wings_white_crests_or_white_tails	0
25	true	true	true	logTest	mp-game-6	pilot	1123-e67f4a00-fbfa-4ab4-a29e-e90e3370b877	1561681599464	explorer	30	"birds with (purple wings and white crests) or white tails"	birds_purple_wings_white_crests_or_white_tails	0
26	false	false	true	logTest	mp-game-6	pilot	1123-e67f4a00-fbfa-4ab4-a29e-e90e3370b877	1561681599464	explorer	30	"birds with (purple wings and white crests) or white tails"	birds_purple_wings_white_crests_or_white_tails	0
27	false	false	true	logTest	mp-game-6	pilot	1123-e67f4a00-fbfa-4ab4-a29e-e90e3370b877	1561681599464	explorer	30	"birds with (purple wings and white crests) or white tails"	birds_purple_wings_white_crests_or_white_tails	0
28	false	false	true	logTest	mp-game-6	pilot	1123-e67f4a00-fbfa-4ab4-a29e-e90e3370b877	1561681599464	explorer	30	"birds with (purple wings and white crests) or white tails"	birds_purple_wings_white_crests_or_white_tails	0
29	false	false	true	logTest	mp-game-6	pilot	1123-e67f4a00-fbfa-4ab4-a29e-e90e3370b877	1561681599464	explorer	30	"birds with (purple wings and white crests) or white tails"	birds_purple_wings_white_crests_or_white_tails	0
30	false	false	true	logTest	mp-game-6	pilot	1123-e67f4a00-fbfa-4ab4-a29e-e90e3370b877	1561681599464	explorer	30	"birds with (purple wings and white crests) or white tails"	birds_purple_wings_white_crests_or_white_tails	0
31	false	false	true	logTest	mp-game-6	pilot	1123-e67f4a00-fbfa-4ab4-a29e-e90e3370b877	1561681599464	explorer	30	"birds with (purple wings and white crests) or white tails"	birds_purple_wings_white_crests_or_white_tails	0
32	false	false	true	logTest	mp-game-6	pilot	1123-e67f4a00-fbfa-4ab4-a29e-e90e3370b877	1561681599464	explorer	30	"birds with (purple wings and white crests) or white tails"	birds_purple_wings_white_crests_or_white_tails	0
33	false	false	true	logTest	mp-game-6	pilot	1123-e67f4a00-fbfa-4ab4-a29e-e90e3370b877	1561681599464	explorer	30	"birds with (purple wings and white crests) or white tails"	birds_purple_wings_white_crests_or_white_tails	0
34	false	false	true	logTest	mp-game-6	pilot	1123-e67f4a00-fbfa-4ab4-a29e-e90e3370b877	1561681599464	explorer	30	"birds with (purple wings and white crests) or white tails"	birds_purple_wings_white_crests_or_white_tails	0
35	false	false	true	logTest	mp-game-6	pilot	1123-e67f4a00-fbfa-4ab4-a29e-e90e3370b877	1561681599464	explorer	30	"birds with (purple wings and white crests) or white tails"	birds_purple_wings_white_crests_or_white_tails	0
36	false	false	true	logTest	mp-game-6	pilot	1123-e67f4a00-fbfa-4ab4-a29e-e90e3370b877	1561681599464	explorer	30	"birds with (purple wings and white crests) or white tails"	birds_purple_wings_white_crests_or_white_tails	0
37	false	true	false	logTest	mp-game-6	pilot	1123-e67f4a00-fbfa-4ab4-a29e-e90e3370b877	1561681599464	explorer	30	"birds with (purple wings and white crests) or white tails"	birds_purple_wings_white_crests_or_white_tails	0
38	false	false	true	logTest	mp-game-6	pilot	1123-e67f4a00-fbfa-4ab4-a29e-e90e3370b877	1561681599464	explorer	30	"birds with (purple wings and white crests) or white tails"	birds_purple_wings_white_crests_or_white_tails	0
39	false	false	true	logTest	mp-game-6	pilot	1123-e67f4a00-fbfa-4ab4-a29e-e90e3370b877	1561681599464	explorer	30	"birds with (purple wings and white crests) or white tails"	birds_purple_wings_white_crests_or_white_tails	0
40	false	false	true	logTest	mp-game-6	pilot	1123-e67f4a00-fbfa-4ab4-a29e-e90e3370b877	1561681599464	explorer	30	"birds with (purple wings and white crests) or white tails"	birds_purple_wings_white_crests_or_white_tails	0
41	false	false	true	logTest	mp-game-6	pilot	1123-e67f4a00-fbfa-4ab4-a29e-e90e3370b877	1561681599464	explorer	30	"birds with (purple wings and white crests) or white tails"	birds_purple_wings_white_crests_or_white_tails	0
42	true	false	false	logTest	mp-game-6	pilot	1123-e67f4a00-fbfa-4ab4-a29e-e90e3370b877	1561681599464	explorer	30	"birds with (purple wings and white crests) or white tails"	birds_purple_wings_white_crests_or_white_tails	0
43	false	false	true	logTest	mp-game-6	pilot	1123-e67f4a00-fbfa-4ab4-a29e-e90e3370b877	1561681599464	explorer	30	"birds with (purple wings and white crests) or white tails"	birds_purple_wings_white_crests_or_white_tails	0
44	false	false	true	logTest	mp-game-6	pilot	1123-e67f4a00-fbfa-4ab4-a29e-e90e3370b877	1561681599464	explorer	30	"birds with (purple wings and white crests) or white tails"	birds_purple_wings_white_crests_or_white_tails	0
45	false	false	true	logTest	mp-game-6	pilot	1123-e67f4a00-fbfa-4ab4-a29e-e90e3370b877	1561681599464	explorer	30	"birds with (purple wings and white crests) or white tails"	birds_purple_wings_white_crests_or_white_tails	0
46	false	false	true	logTest	mp-game-6	pilot	1123-e67f4a00-fbfa-4ab4-a29e-e90e3370b877	1561681599464	explorer	30	"birds with (purple wings and white crests) or white tails"	birds_purple_wings_white_crests_or_white_tails	0
47	false	false	true	logTest	mp-game-6	pilot	1123-e67f4a00-fbfa-4ab4-a29e-e90e3370b877	1561681599464	explorer	30	"birds with (purple wings and white crests) or white tails"	birds_purple_wings_white_crests_or_white_tails	0
48	false	false	true	logTest	mp-game-6	pilot	1123-e67f4a00-fbfa-4ab4-a29e-e90e3370b877	1561681599464	explorer	30	"birds with (purple wings and white crests) or white tails"	birds_purple_wings_white_crests_or_white_tails	0
49	false	false	true	logTest	mp-game-6	pilot	1123-e67f4a00-fbfa-4ab4-a29e-e90e3370b877	1561681599464	explorer	30	"birds with (purple wings and white crests) or white tails"	birds_purple_wings_white_crests_or_white_tails	0
0	false	false	true	logTest	mp-game-6	pilot	1123-e67f4a00-fbfa-4ab4-a29e-e90e3370b877	1561681605865	student	30	"birds with (purple wings and white crests) or white tails"	birds_purple_wings_white_crests_or_white_tails	0
1	false	false	true	logTest	mp-game-6	pilot	1123-e67f4a00-fbfa-4ab4-a29e-e90e3370b877	1561681605865	student	30	"birds with (purple wings and white crests) or white tails"	birds_purple_wings_white_crests_or_white_tails	0
2	true	true	true	logTest	mp-game-6	pilot	1123-e67f4a00-fbfa-4ab4-a29e-e90e3370b877	1561681605865	student	30	"birds with (purple wings and white crests) or white tails"	birds_purple_wings_white_crests_or_white_tails	0
3	false	false	true	logTest	mp-game-6	pilot	1123-e67f4a00-fbfa-4ab4-a29e-e90e3370b877	1561681605865	student	30	"birds with (purple wings and white crests) or white tails"	birds_purple_wings_white_crests_or_white_tails	0
4	false	true	false	logTest	mp-game-6	pilot	1123-e67f4a00-fbfa-4ab4-a29e-e90e3370b877	1561681605865	student	30	"birds with (purple wings and white crests) or white tails"	birds_purple_wings_white_crests_or_white_tails	0
5	false	false	true	logTest	mp-game-6	pilot	1123-e67f4a00-fbfa-4ab4-a29e-e90e3370b877	1561681605865	student	30	"birds with (purple wings and white crests) or white tails"	birds_purple_wings_white_crests_or_white_tails	0
6	false	false	true	logTest	mp-game-6	pilot	1123-e67f4a00-fbfa-4ab4-a29e-e90e3370b877	1561681605865	student	30	"birds with (purple wings and white crests) or white tails"	birds_purple_wings_white_crests_or_white_tails	0
7	false	true	false	logTest	mp-game-6	pilot	1123-e67f4a00-fbfa-4ab4-a29e-e90e3370b877	1561681605865	student	30	"birds with (purple wings and white crests) or white tails"	birds_purple_wings_white_crests_or_white_tails	0
8	false	false	true	logTest	mp-game-6	pilot	1123-e67f4a00-fbfa-4ab4-a29e-e90e3370b877	1561681605865	student	30	"birds with (purple wings and white crests) or white tails"	birds_purple_wings_white_crests_or_white_tails	0
9	false	false	true	logTest	mp-game-6	pilot	1123-e67f4a00-fbfa-4ab4-a29e-e90e3370b877	1561681605865	student	30	"birds with (purple wings and white crests) or white tails"	birds_purple_wings_white_crests_or_white_tails	0
10	false	true	false	logTest	mp-game-6	pilot	1123-e67f4a00-fbfa-4ab4-a29e-e90e3370b877	1561681605865	student	30	"birds with (purple wings and white crests) or white tails"	birds_purple_wings_white_crests_or_white_tails	0
11	true	true	true	logTest	mp-game-6	pilot	1123-e67f4a00-fbfa-4ab4-a29e-e90e3370b877	1561681605865	student	30	"birds with (purple wings and white crests) or white tails"	birds_purple_wings_white_crests_or_white_tails	0
12	false	false	true	logTest	mp-game-6	pilot	1123-e67f4a00-fbfa-4ab4-a29e-e90e3370b877	1561681605865	student	30	"birds with (purple wings and white crests) or white tails"	birds_purple_wings_white_crests_or_white_tails	0
13	false	false	true	logTest	mp-game-6	pilot	1123-e67f4a00-fbfa-4ab4-a29e-e90e3370b877	1561681605865	student	30	"birds with (purple wings and white crests) or white tails"	birds_purple_wings_white_crests_or_white_tails	0
14	false	true	false	logTest	mp-game-6	pilot	1123-e67f4a00-fbfa-4ab4-a29e-e90e3370b877	1561681605865	student	30	"birds with (purple wings and white crests) or white tails"	birds_purple_wings_white_crests_or_white_tails	0
15	false	false	true	logTest	mp-game-6	pilot	1123-e67f4a00-fbfa-4ab4-a29e-e90e3370b877	1561681605865	student	30	"birds with (purple wings and white crests) or white tails"	birds_purple_wings_white_crests_or_white_tails	0
16	false	true	false	logTest	mp-game-6	pilot	1123-e67f4a00-fbfa-4ab4-a29e-e90e3370b877	1561681605865	student	30	"birds with (purple wings and white crests) or white tails"	birds_purple_wings_white_crests_or_white_tails	0
17	false	true	false	logTest	mp-game-6	pilot	1123-e67f4a00-fbfa-4ab4-a29e-e90e3370b877	1561681605865	student	30	"birds with (purple wings and white crests) or white tails"	birds_purple_wings_white_crests_or_white_tails	0
18	false	false	true	logTest	mp-game-6	pilot	1123-e67f4a00-fbfa-4ab4-a29e-e90e3370b877	1561681605865	student	30	"birds with (purple wings and white crests) or white tails"	birds_purple_wings_white_crests_or_white_tails	0
19	false	false	true	logTest	mp-game-6	pilot	1123-e67f4a00-fbfa-4ab4-a29e-e90e3370b877	1561681605865	student	30	"birds with (purple wings and white crests) or white tails"	birds_purple_wings_white_crests_or_white_tails	0
20	false	false	true	logTest	mp-game-6	pilot	1123-e67f4a00-fbfa-4ab4-a29e-e90e3370b877	1561681605865	student	30	"birds with (purple wings and white crests) or white tails"	birds_purple_wings_white_crests_or_white_tails	0
21	false	false	true	logTest	mp-game-6	pilot	1123-e67f4a00-fbfa-4ab4-a29e-e90e3370b877	1561681605865	student	30	"birds with (purple wings and white crests) or white tails"	birds_purple_wings_white_crests_or_white_tails	0
22	false	false	true	logTest	mp-game-6	pilot	1123-e67f4a00-fbfa-4ab4-a29e-e90e3370b877	1561681605865	student	30	"birds with (purple wings and white crests) or white tails"	birds_purple_wings_white_crests_or_white_tails	0
23	false	false	true	logTest	mp-game-6	pilot	1123-e67f4a00-fbfa-4ab4-a29e-e90e3370b877	1561681605865	student	30	"birds with (purple wings and white crests) or white tails"	birds_purple_wings_white_crests_or_white_tails	0
24	false	false	true	logTest	mp-game-6	pilot	1123-e67f4a00-fbfa-4ab4-a29e-e90e3370b877	1561681605865	student	30	"birds with (purple wings and white crests) or white tails"	birds_purple_wings_white_crests_or_white_tails	0
25	false	true	false	logTest	mp-game-6	pilot	1123-e67f4a00-fbfa-4ab4-a29e-e90e3370b877	1561681605865	student	30	"birds with (purple wings and white crests) or white tails"	birds_purple_wings_white_crests_or_white_tails	0
26	false	false	true	logTest	mp-game-6	pilot	1123-e67f4a00-fbfa-4ab4-a29e-e90e3370b877	1561681605865	student	30	"birds with (purple wings and white crests) or white tails"	birds_purple_wings_white_crests_or_white_tails	0
27	false	false	true	logTest	mp-game-6	pilot	1123-e67f4a00-fbfa-4ab4-a29e-e90e3370b877	1561681605865	student	30	"birds with (purple wings and white crests) or white tails"	birds_purple_wings_white_crests_or_white_tails	0
28	false	false	true	logTest	mp-game-6	pilot	1123-e67f4a00-fbfa-4ab4-a29e-e90e3370b877	1561681605865	student	30	"birds with (purple wings and white crests) or white tails"	birds_purple_wings_white_crests_or_white_tails	0
29	false	false	true	logTest	mp-game-6	pilot	1123-e67f4a00-fbfa-4ab4-a29e-e90e3370b877	1561681605865	student	30	"birds with (purple wings and white crests) or white tails"	birds_purple_wings_white_crests_or_white_tails	0
30	false	false	true	logTest	mp-game-6	pilot	1123-e67f4a00-fbfa-4ab4-a29e-e90e3370b877	1561681605865	student	30	"birds with (purple wings and white crests) or white tails"	birds_purple_wings_white_crests_or_white_tails	0
31	false	false	true	logTest	mp-game-6	pilot	1123-e67f4a00-fbfa-4ab4-a29e-e90e3370b877	1561681605865	student	30	"birds with (purple wings and white crests) or white tails"	birds_purple_wings_white_crests_or_white_tails	0
32	false	false	true	logTest	mp-game-6	pilot	1123-e67f4a00-fbfa-4ab4-a29e-e90e3370b877	1561681605865	student	30	"birds with (purple wings and white crests) or white tails"	birds_purple_wings_white_crests_or_white_tails	0
33	false	false	true	logTest	mp-game-6	pilot	1123-e67f4a00-fbfa-4ab4-a29e-e90e3370b877	1561681605865	student	30	"birds with (purple wings and white crests) or white tails"	birds_purple_wings_white_crests_or_white_tails	0
34	false	false	true	logTest	mp-game-6	pilot	1123-e67f4a00-fbfa-4ab4-a29e-e90e3370b877	1561681605865	student	30	"birds with (purple wings and white crests) or white tails"	birds_purple_wings_white_crests_or_white_tails	0
35	false	false	true	logTest	mp-game-6	pilot	1123-e67f4a00-fbfa-4ab4-a29e-e90e3370b877	1561681605865	student	30	"birds with (purple wings and white crests) or white tails"	birds_purple_wings_white_crests_or_white_tails	0
36	false	false	true	logTest	mp-game-6	pilot	1123-e67f4a00-fbfa-4ab4-a29e-e90e3370b877	1561681605865	student	30	"birds with (purple wings and white crests) or white tails"	birds_purple_wings_white_crests_or_white_tails	0
37	false	true	false	logTest	mp-game-6	pilot	1123-e67f4a00-fbfa-4ab4-a29e-e90e3370b877	1561681605865	student	30	"birds with (purple wings and white crests) or white tails"	birds_purple_wings_white_crests_or_white_tails	0
38	true	false	false	logTest	mp-game-6	pilot	1123-e67f4a00-fbfa-4ab4-a29e-e90e3370b877	1561681605865	student	30	"birds with (purple wings and white crests) or white tails"	birds_purple_wings_white_crests_or_white_tails	0
39	false	false	true	logTest	mp-game-6	pilot	1123-e67f4a00-fbfa-4ab4-a29e-e90e3370b877	1561681605865	student	30	"birds with (purple wings and white crests) or white tails"	birds_purple_wings_white_crests_or_white_tails	0
40	false	false	true	logTest	mp-game-6	pilot	1123-e67f4a00-fbfa-4ab4-a29e-e90e3370b877	1561681605865	student	30	"birds with (purple wings and white crests) or white tails"	birds_purple_wings_white_crests_or_white_tails	0
41	false	false	true	logTest	mp-game-6	pilot	1123-e67f4a00-fbfa-4ab4-a29e-e90e3370b877	1561681605865	student	30	"birds with (purple wings and white crests) or white tails"	birds_purple_wings_white_crests_or_white_tails	0
42	true	false	false	logTest	mp-game-6	pilot	1123-e67f4a00-fbfa-4ab4-a29e-e90e3370b877	1561681605865	student	30	"birds with (purple wings and white crests) or white tails"	birds_purple_wings_white_crests_or_white_tails	0
43	false	false	true	logTest	mp-game-6	pilot	1123-e67f4a00-fbfa-4ab4-a29e-e90e3370b877	1561681605865	student	30	"birds with (purple wings and white crests) or white tails"	birds_purple_wings_white_crests_or_white_tails	0
44	false	false	true	logTest	mp-game-6	pilot	1123-e67f4a00-fbfa-4ab4-a29e-e90e3370b877	1561681605865	student	30	"birds with (purple wings and white crests) or white tails"	birds_purple_wings_white_crests_or_white_tails	0
45	false	false	true	logTest	mp-game-6	pilot	1123-e67f4a00-fbfa-4ab4-a29e-e90e3370b877	1561681605865	student	30	"birds with (purple wings and white crests) or white tails"	birds_purple_wings_white_crests_or_white_tails	0
46	false	false	true	logTest	mp-game-6	pilot	1123-e67f4a00-fbfa-4ab4-a29e-e90e3370b877	1561681605865	student	30	"birds with (purple wings and white crests) or white tails"	birds_purple_wings_white_crests_or_white_tails	0
47	false	false	true	logTest	mp-game-6	pilot	1123-e67f4a00-fbfa-4ab4-a29e-e90e3370b877	1561681605865	student	30	"birds with (purple wings and white crests) or white tails"	birds_purple_wings_white_crests_or_white_tails	0
48	false	false	true	logTest	mp-game-6	pilot	1123-e67f4a00-fbfa-4ab4-a29e-e90e3370b877	1561681605865	student	30	"birds with (purple wings and white crests) or white tails"	birds_purple_wings_white_crests_or_white_tails	0
49	false	false	true	logTest	mp-game-6	pilot	1123-e67f4a00-fbfa-4ab4-a29e-e90e3370b877	1561681605865	student	30	"birds with (purple wings and white crests) or white tails"	birds_purple_wings_white_crests_or_white_tails	0
0	false	false	true	logTest	mp-game-6	pilot	1123-e67f4a00-fbfa-4ab4-a29e-e90e3370b877	1561681685055	student	10	"fish with orange bodies and purple stripes"	fish_orange_bodies_purple_stripes	1
1	false	false	true	logTest	mp-game-6	pilot	1123-e67f4a00-fbfa-4ab4-a29e-e90e3370b877	1561681685055	student	10	"fish with orange bodies and purple stripes"	fish_orange_bodies_purple_stripes	1
2	true	false	false	logTest	mp-game-6	pilot	1123-e67f4a00-fbfa-4ab4-a29e-e90e3370b877	1561681685055	student	10	"fish with orange bodies and purple stripes"	fish_orange_bodies_purple_stripes	1
3	false	false	true	logTest	mp-game-6	pilot	1123-e67f4a00-fbfa-4ab4-a29e-e90e3370b877	1561681685055	student	10	"fish with orange bodies and purple stripes"	fish_orange_bodies_purple_stripes	1
4	false	false	true	logTest	mp-game-6	pilot	1123-e67f4a00-fbfa-4ab4-a29e-e90e3370b877	1561681685055	student	10	"fish with orange bodies and purple stripes"	fish_orange_bodies_purple_stripes	1
5	false	false	true	logTest	mp-game-6	pilot	1123-e67f4a00-fbfa-4ab4-a29e-e90e3370b877	1561681685055	student	10	"fish with orange bodies and purple stripes"	fish_orange_bodies_purple_stripes	1
6	false	false	true	logTest	mp-game-6	pilot	1123-e67f4a00-fbfa-4ab4-a29e-e90e3370b877	1561681685055	student	10	"fish with orange bodies and purple stripes"	fish_orange_bodies_purple_stripes	1
7	false	false	true	logTest	mp-game-6	pilot	1123-e67f4a00-fbfa-4ab4-a29e-e90e3370b877	1561681685055	student	10	"fish with orange bodies and purple stripes"	fish_orange_bodies_purple_stripes	1
8	false	false	true	logTest	mp-game-6	pilot	1123-e67f4a00-fbfa-4ab4-a29e-e90e3370b877	1561681685055	student	10	"fish with orange bodies and purple stripes"	fish_orange_bodies_purple_stripes	1
9	false	true	false	logTest	mp-game-6	pilot	1123-e67f4a00-fbfa-4ab4-a29e-e90e3370b877	1561681685055	student	10	"fish with orange bodies and purple stripes"	fish_orange_bodies_purple_stripes	1
10	false	false	true	logTest	mp-game-6	pilot	1123-e67f4a00-fbfa-4ab4-a29e-e90e3370b877	1561681685055	student	10	"fish with orange bodies and purple stripes"	fish_orange_bodies_purple_stripes	1
11	false	false	true	logTest	mp-game-6	pilot	1123-e67f4a00-fbfa-4ab4-a29e-e90e3370b877	1561681685055	student	10	"fish with orange bodies and purple stripes"	fish_orange_bodies_purple_stripes	1
12	false	false	true	logTest	mp-game-6	pilot	1123-e67f4a00-fbfa-4ab4-a29e-e90e3370b877	1561681685055	student	10	"fish with orange bodies and purple stripes"	fish_orange_bodies_purple_stripes	1
13	false	false	true	logTest	mp-game-6	pilot	1123-e67f4a00-fbfa-4ab4-a29e-e90e3370b877	1561681685055	student	10	"fish with orange bodies and purple stripes"	fish_orange_bodies_purple_stripes	1
14	false	false	true	logTest	mp-game-6	pilot	1123-e67f4a00-fbfa-4ab4-a29e-e90e3370b877	1561681685055	student	10	"fish with orange bodies and purple stripes"	fish_orange_bodies_purple_stripes	1
15	false	false	true	logTest	mp-game-6	pilot	1123-e67f4a00-fbfa-4ab4-a29e-e90e3370b877	1561681685055	student	10	"fish with orange bodies and purple stripes"	fish_orange_bodies_purple_stripes	1
16	false	true	false	logTest	mp-game-6	pilot	1123-e67f4a00-fbfa-4ab4-a29e-e90e3370b877	1561681685055	student	10	"fish with orange bodies and purple stripes"	fish_orange_bodies_purple_stripes	1
17	false	false	true	logTest	mp-game-6	pilot	1123-e67f4a00-fbfa-4ab4-a29e-e90e3370b877	1561681685055	student	10	"fish with orange bodies and purple stripes"	fish_orange_bodies_purple_stripes	1
18	false	false	true	logTest	mp-game-6	pilot	1123-e67f4a00-fbfa-4ab4-a29e-e90e3370b877	1561681685055	student	10	"fish with orange bodies and purple stripes"	fish_orange_bodies_purple_stripes	1
19	false	false	true	logTest	mp-game-6	pilot	1123-e67f4a00-fbfa-4ab4-a29e-e90e3370b877	1561681685055	student	10	"fish with orange bodies and purple stripes"	fish_orange_bodies_purple_stripes	1
20	false	true	false	logTest	mp-game-6	pilot	1123-e67f4a00-fbfa-4ab4-a29e-e90e3370b877	1561681685055	student	10	"fish with orange bodies and purple stripes"	fish_orange_bodies_purple_stripes	1
21	false	false	true	logTest	mp-game-6	pilot	1123-e67f4a00-fbfa-4ab4-a29e-e90e3370b877	1561681685055	student	10	"fish with orange bodies and purple stripes"	fish_orange_bodies_purple_stripes	1
22	false	false	true	logTest	mp-game-6	pilot	1123-e67f4a00-fbfa-4ab4-a29e-e90e3370b877	1561681685055	student	10	"fish with orange bodies and purple stripes"	fish_orange_bodies_purple_stripes	1
23	false	false	true	logTest	mp-game-6	pilot	1123-e67f4a00-fbfa-4ab4-a29e-e90e3370b877	1561681685055	student	10	"fish with orange bodies and purple stripes"	fish_orange_bodies_purple_stripes	1
24	false	true	false	logTest	mp-game-6	pilot	1123-e67f4a00-fbfa-4ab4-a29e-e90e3370b877	1561681685055	student	10	"fish with orange bodies and purple stripes"	fish_orange_bodies_purple_stripes	1
25	false	false	true	logTest	mp-game-6	pilot	1123-e67f4a00-fbfa-4ab4-a29e-e90e3370b877	1561681685055	student	10	"fish with orange bodies and purple stripes"	fish_orange_bodies_purple_stripes	1
26	false	false	true	logTest	mp-game-6	pilot	1123-e67f4a00-fbfa-4ab4-a29e-e90e3370b877	1561681685055	student	10	"fish with orange bodies and purple stripes"	fish_orange_bodies_purple_stripes	1
27	false	false	true	logTest	mp-game-6	pilot	1123-e67f4a00-fbfa-4ab4-a29e-e90e3370b877	1561681685055	student	10	"fish with orange bodies and purple stripes"	fish_orange_bodies_purple_stripes	1
28	false	false	true	logTest	mp-game-6	pilot	1123-e67f4a00-fbfa-4ab4-a29e-e90e3370b877	1561681685055	student	10	"fish with orange bodies and purple stripes"	fish_orange_bodies_purple_stripes	1
29	false	false	true	logTest	mp-game-6	pilot	1123-e67f4a00-fbfa-4ab4-a29e-e90e3370b877	1561681685055	student	10	"fish with orange bodies and purple stripes"	fish_orange_bodies_purple_stripes	1
30	false	false	true	logTest	mp-game-6	pilot	1123-e67f4a00-fbfa-4ab4-a29e-e90e3370b877	1561681685055	student	10	"fish with orange bodies and purple stripes"	fish_orange_bodies_purple_stripes	1
31	false	true	false	logTest	mp-game-6	pilot	1123-e67f4a00-fbfa-4ab4-a29e-e90e3370b877	1561681685055	student	10	"fish with orange bodies and purple stripes"	fish_orange_bodies_purple_stripes	1
32	false	false	true	logTest	mp-game-6	pilot	1123-e67f4a00-fbfa-4ab4-a29e-e90e3370b877	1561681685055	student	10	"fish with orange bodies and purple stripes"	fish_orange_bodies_purple_stripes	1
33	false	false	true	logTest	mp-game-6	pilot	1123-e67f4a00-fbfa-4ab4-a29e-e90e3370b877	1561681685055	student	10	"fish with orange bodies and purple stripes"	fish_orange_bodies_purple_stripes	1
34	false	false	true	logTest	mp-game-6	pilot	1123-e67f4a00-fbfa-4ab4-a29e-e90e3370b877	1561681685055	student	10	"fish with orange bodies and purple stripes"	fish_orange_bodies_purple_stripes	1
35	false	false	true	logTest	mp-game-6	pilot	1123-e67f4a00-fbfa-4ab4-a29e-e90e3370b877	1561681685055	student	10	"fish with orange bodies and purple stripes"	fish_orange_bodies_purple_stripes	1
36	false	false	true	logTest	mp-game-6	pilot	1123-e67f4a00-fbfa-4ab4-a29e-e90e3370b877	1561681685055	student	10	"fish with orange bodies and purple stripes"	fish_orange_bodies_purple_stripes	1
37	false	false	true	logTest	mp-game-6	pilot	1123-e67f4a00-fbfa-4ab4-a29e-e90e3370b877	1561681685055	student	10	"fish with orange bodies and purple stripes"	fish_orange_bodies_purple_stripes	1
38	false	false	true	logTest	mp-game-6	pilot	1123-e67f4a00-fbfa-4ab4-a29e-e90e3370b877	1561681685055	student	10	"fish with orange bodies and purple stripes"	fish_orange_bodies_purple_stripes	1
39	false	false	true	logTest	mp-game-6	pilot	1123-e67f4a00-fbfa-4ab4-a29e-e90e3370b877	1561681685055	student	10	"fish with orange bodies and purple stripes"	fish_orange_bodies_purple_stripes	1
40	false	false	true	logTest	mp-game-6	pilot	1123-e67f4a00-fbfa-4ab4-a29e-e90e3370b877	1561681685055	student	10	"fish with orange bodies and purple stripes"	fish_orange_bodies_purple_stripes	1
41	false	false	true	logTest	mp-game-6	pilot	1123-e67f4a00-fbfa-4ab4-a29e-e90e3370b877	1561681685055	student	10	"fish with orange bodies and purple stripes"	fish_orange_bodies_purple_stripes	1
42	false	false	true	logTest	mp-game-6	pilot	1123-e67f4a00-fbfa-4ab4-a29e-e90e3370b877	1561681685055	student	10	"fish with orange bodies and purple stripes"	fish_orange_bodies_purple_stripes	1
43	false	false	true	logTest	mp-game-6	pilot	1123-e67f4a00-fbfa-4ab4-a29e-e90e3370b877	1561681685055	student	10	"fish with orange bodies and purple stripes"	fish_orange_bodies_purple_stripes	1
44	false	true	false	logTest	mp-game-6	pilot	1123-e67f4a00-fbfa-4ab4-a29e-e90e3370b877	1561681685055	student	10	"fish with orange bodies and purple stripes"	fish_orange_bodies_purple_stripes	1
45	false	false	true	logTest	mp-game-6	pilot	1123-e67f4a00-fbfa-4ab4-a29e-e90e3370b877	1561681685055	student	10	"fish with orange bodies and purple stripes"	fish_orange_bodies_purple_stripes	1
46	false	false	true	logTest	mp-game-6	pilot	1123-e67f4a00-fbfa-4ab4-a29e-e90e3370b877	1561681685055	student	10	"fish with orange bodies and purple stripes"	fish_orange_bodies_purple_stripes	1
47	false	false	true	logTest	mp-game-6	pilot	1123-e67f4a00-fbfa-4ab4-a29e-e90e3370b877	1561681685055	student	10	"fish with orange bodies and purple stripes"	fish_orange_bodies_purple_stripes	1
48	false	false	true	logTest	mp-game-6	pilot	1123-e67f4a00-fbfa-4ab4-a29e-e90e3370b877	1561681685055	student	10	"fish with orange bodies and purple stripes"	fish_orange_bodies_purple_stripes	1
49	false	false	true	logTest	mp-game-6	pilot	1123-e67f4a00-fbfa-4ab4-a29e-e90e3370b877	1561681685055	student	10	"fish with orange bodies and purple stripes"	fish_orange_bodies_purple_stripes	1
0	false	false	true	logTest	mp-game-6	pilot	1123-e67f4a00-fbfa-4ab4-a29e-e90e3370b877	1561681689626	explorer	10	"fish with orange bodies and purple stripes"	fish_orange_bodies_purple_stripes	1
1	false	false	true	logTest	mp-game-6	pilot	1123-e67f4a00-fbfa-4ab4-a29e-e90e3370b877	1561681689626	explorer	10	"fish with orange bodies and purple stripes"	fish_orange_bodies_purple_stripes	1
2	false	false	true	logTest	mp-game-6	pilot	1123-e67f4a00-fbfa-4ab4-a29e-e90e3370b877	1561681689626	explorer	10	"fish with orange bodies and purple stripes"	fish_orange_bodies_purple_stripes	1
3	false	false	true	logTest	mp-game-6	pilot	1123-e67f4a00-fbfa-4ab4-a29e-e90e3370b877	1561681689626	explorer	10	"fish with orange bodies and purple stripes"	fish_orange_bodies_purple_stripes	1
4	false	false	true	logTest	mp-game-6	pilot	1123-e67f4a00-fbfa-4ab4-a29e-e90e3370b877	1561681689626	explorer	10	"fish with orange bodies and purple stripes"	fish_orange_bodies_purple_stripes	1
5	false	false	true	logTest	mp-game-6	pilot	1123-e67f4a00-fbfa-4ab4-a29e-e90e3370b877	1561681689626	explorer	10	"fish with orange bodies and purple stripes"	fish_orange_bodies_purple_stripes	1
6	false	false	true	logTest	mp-game-6	pilot	1123-e67f4a00-fbfa-4ab4-a29e-e90e3370b877	1561681689626	explorer	10	"fish with orange bodies and purple stripes"	fish_orange_bodies_purple_stripes	1
7	true	false	false	logTest	mp-game-6	pilot	1123-e67f4a00-fbfa-4ab4-a29e-e90e3370b877	1561681689626	explorer	10	"fish with orange bodies and purple stripes"	fish_orange_bodies_purple_stripes	1
8	false	false	true	logTest	mp-game-6	pilot	1123-e67f4a00-fbfa-4ab4-a29e-e90e3370b877	1561681689626	explorer	10	"fish with orange bodies and purple stripes"	fish_orange_bodies_purple_stripes	1
9	false	true	false	logTest	mp-game-6	pilot	1123-e67f4a00-fbfa-4ab4-a29e-e90e3370b877	1561681689626	explorer	10	"fish with orange bodies and purple stripes"	fish_orange_bodies_purple_stripes	1
10	false	false	true	logTest	mp-game-6	pilot	1123-e67f4a00-fbfa-4ab4-a29e-e90e3370b877	1561681689626	explorer	10	"fish with orange bodies and purple stripes"	fish_orange_bodies_purple_stripes	1
11	false	false	true	logTest	mp-game-6	pilot	1123-e67f4a00-fbfa-4ab4-a29e-e90e3370b877	1561681689626	explorer	10	"fish with orange bodies and purple stripes"	fish_orange_bodies_purple_stripes	1
12	false	false	true	logTest	mp-game-6	pilot	1123-e67f4a00-fbfa-4ab4-a29e-e90e3370b877	1561681689626	explorer	10	"fish with orange bodies and purple stripes"	fish_orange_bodies_purple_stripes	1
13	false	false	true	logTest	mp-game-6	pilot	1123-e67f4a00-fbfa-4ab4-a29e-e90e3370b877	1561681689626	explorer	10	"fish with orange bodies and purple stripes"	fish_orange_bodies_purple_stripes	1
14	false	false	true	logTest	mp-game-6	pilot	1123-e67f4a00-fbfa-4ab4-a29e-e90e3370b877	1561681689626	explorer	10	"fish with orange bodies and purple stripes"	fish_orange_bodies_purple_stripes	1
15	false	false	true	logTest	mp-game-6	pilot	1123-e67f4a00-fbfa-4ab4-a29e-e90e3370b877	1561681689626	explorer	10	"fish with orange bodies and purple stripes"	fish_orange_bodies_purple_stripes	1
16	false	true	false	logTest	mp-game-6	pilot	1123-e67f4a00-fbfa-4ab4-a29e-e90e3370b877	1561681689626	explorer	10	"fish with orange bodies and purple stripes"	fish_orange_bodies_purple_stripes	1
17	false	false	true	logTest	mp-game-6	pilot	1123-e67f4a00-fbfa-4ab4-a29e-e90e3370b877	1561681689626	explorer	10	"fish with orange bodies and purple stripes"	fish_orange_bodies_purple_stripes	1
18	false	false	true	logTest	mp-game-6	pilot	1123-e67f4a00-fbfa-4ab4-a29e-e90e3370b877	1561681689626	explorer	10	"fish with orange bodies and purple stripes"	fish_orange_bodies_purple_stripes	1
19	false	false	true	logTest	mp-game-6	pilot	1123-e67f4a00-fbfa-4ab4-a29e-e90e3370b877	1561681689626	explorer	10	"fish with orange bodies and purple stripes"	fish_orange_bodies_purple_stripes	1
20	false	true	false	logTest	mp-game-6	pilot	1123-e67f4a00-fbfa-4ab4-a29e-e90e3370b877	1561681689626	explorer	10	"fish with orange bodies and purple stripes"	fish_orange_bodies_purple_stripes	1
21	false	false	true	logTest	mp-game-6	pilot	1123-e67f4a00-fbfa-4ab4-a29e-e90e3370b877	1561681689626	explorer	10	"fish with orange bodies and purple stripes"	fish_orange_bodies_purple_stripes	1
22	false	false	true	logTest	mp-game-6	pilot	1123-e67f4a00-fbfa-4ab4-a29e-e90e3370b877	1561681689626	explorer	10	"fish with orange bodies and purple stripes"	fish_orange_bodies_purple_stripes	1
23	false	false	true	logTest	mp-game-6	pilot	1123-e67f4a00-fbfa-4ab4-a29e-e90e3370b877	1561681689626	explorer	10	"fish with orange bodies and purple stripes"	fish_orange_bodies_purple_stripes	1
24	false	true	false	logTest	mp-game-6	pilot	1123-e67f4a00-fbfa-4ab4-a29e-e90e3370b877	1561681689626	explorer	10	"fish with orange bodies and purple stripes"	fish_orange_bodies_purple_stripes	1
25	false	false	true	logTest	mp-game-6	pilot	1123-e67f4a00-fbfa-4ab4-a29e-e90e3370b877	1561681689626	explorer	10	"fish with orange bodies and purple stripes"	fish_orange_bodies_purple_stripes	1
26	false	false	true	logTest	mp-game-6	pilot	1123-e67f4a00-fbfa-4ab4-a29e-e90e3370b877	1561681689626	explorer	10	"fish with orange bodies and purple stripes"	fish_orange_bodies_purple_stripes	1
27	false	false	true	logTest	mp-game-6	pilot	1123-e67f4a00-fbfa-4ab4-a29e-e90e3370b877	1561681689626	explorer	10	"fish with orange bodies and purple stripes"	fish_orange_bodies_purple_stripes	1
28	false	false	true	logTest	mp-game-6	pilot	1123-e67f4a00-fbfa-4ab4-a29e-e90e3370b877	1561681689626	explorer	10	"fish with orange bodies and purple stripes"	fish_orange_bodies_purple_stripes	1
29	false	false	true	logTest	mp-game-6	pilot	1123-e67f4a00-fbfa-4ab4-a29e-e90e3370b877	1561681689626	explorer	10	"fish with orange bodies and purple stripes"	fish_orange_bodies_purple_stripes	1
30	false	false	true	logTest	mp-game-6	pilot	1123-e67f4a00-fbfa-4ab4-a29e-e90e3370b877	1561681689626	explorer	10	"fish with orange bodies and purple stripes"	fish_orange_bodies_purple_stripes	1
31	false	true	false	logTest	mp-game-6	pilot	1123-e67f4a00-fbfa-4ab4-a29e-e90e3370b877	1561681689626	explorer	10	"fish with orange bodies and purple stripes"	fish_orange_bodies_purple_stripes	1
32	false	false	true	logTest	mp-game-6	pilot	1123-e67f4a00-fbfa-4ab4-a29e-e90e3370b877	1561681689626	explorer	10	"fish with orange bodies and purple stripes"	fish_orange_bodies_purple_stripes	1
33	false	false	true	logTest	mp-game-6	pilot	1123-e67f4a00-fbfa-4ab4-a29e-e90e3370b877	1561681689626	explorer	10	"fish with orange bodies and purple stripes"	fish_orange_bodies_purple_stripes	1
34	false	false	true	logTest	mp-game-6	pilot	1123-e67f4a00-fbfa-4ab4-a29e-e90e3370b877	1561681689626	explorer	10	"fish with orange bodies and purple stripes"	fish_orange_bodies_purple_stripes	1
35	false	false	true	logTest	mp-game-6	pilot	1123-e67f4a00-fbfa-4ab4-a29e-e90e3370b877	1561681689626	explorer	10	"fish with orange bodies and purple stripes"	fish_orange_bodies_purple_stripes	1
36	false	false	true	logTest	mp-game-6	pilot	1123-e67f4a00-fbfa-4ab4-a29e-e90e3370b877	1561681689626	explorer	10	"fish with orange bodies and purple stripes"	fish_orange_bodies_purple_stripes	1
37	false	false	true	logTest	mp-game-6	pilot	1123-e67f4a00-fbfa-4ab4-a29e-e90e3370b877	1561681689626	explorer	10	"fish with orange bodies and purple stripes"	fish_orange_bodies_purple_stripes	1
38	false	false	true	logTest	mp-game-6	pilot	1123-e67f4a00-fbfa-4ab4-a29e-e90e3370b877	1561681689626	explorer	10	"fish with orange bodies and purple stripes"	fish_orange_bodies_purple_stripes	1
39	false	false	true	logTest	mp-game-6	pilot	1123-e67f4a00-fbfa-4ab4-a29e-e90e3370b877	1561681689626	explorer	10	"fish with orange bodies and purple stripes"	fish_orange_bodies_purple_stripes	1
40	false	false	true	logTest	mp-game-6	pilot	1123-e67f4a00-fbfa-4ab4-a29e-e90e3370b877	1561681689626	explorer	10	"fish with orange bodies and purple stripes"	fish_orange_bodies_purple_stripes	1
41	false	false	true	logTest	mp-game-6	pilot	1123-e67f4a00-fbfa-4ab4-a29e-e90e3370b877	1561681689626	explorer	10	"fish with orange bodies and purple stripes"	fish_orange_bodies_purple_stripes	1
42	false	false	true	logTest	mp-game-6	pilot	1123-e67f4a00-fbfa-4ab4-a29e-e90e3370b877	1561681689626	explorer	10	"fish with orange bodies and purple stripes"	fish_orange_bodies_purple_stripes	1
43	false	false	true	logTest	mp-game-6	pilot	1123-e67f4a00-fbfa-4ab4-a29e-e90e3370b877	1561681689626	explorer	10	"fish with orange bodies and purple stripes"	fish_orange_bodies_purple_stripes	1
44	false	true	false	logTest	mp-game-6	pilot	1123-e67f4a00-fbfa-4ab4-a29e-e90e3370b877	1561681689626	explorer	10	"fish with orange bodies and purple stripes"	fish_orange_bodies_purple_stripes	1
45	false	false	true	logTest	mp-game-6	pilot	1123-e67f4a00-fbfa-4ab4-a29e-e90e3370b877	1561681689626	explorer	10	"fish with orange bodies and purple stripes"	fish_orange_bodies_purple_stripes	1
46	false	false	true	logTest	mp-game-6	pilot	1123-e67f4a00-fbfa-4ab4-a29e-e90e3370b877	1561681689626	explorer	10	"fish with orange bodies and purple stripes"	fish_orange_bodies_purple_stripes	1
47	false	false	true	logTest	mp-game-6	pilot	1123-e67f4a00-fbfa-4ab4-a29e-e90e3370b877	1561681689626	explorer	10	"fish with orange bodies and purple stripes"	fish_orange_bodies_purple_stripes	1
48	false	false	true	logTest	mp-game-6	pilot	1123-e67f4a00-fbfa-4ab4-a29e-e90e3370b877	1561681689626	explorer	10	"fish with orange bodies and purple stripes"	fish_orange_bodies_purple_stripes	1
49	false	false	true	logTest	mp-game-6	pilot	1123-e67f4a00-fbfa-4ab4-a29e-e90e3370b877	1561681689626	explorer	10	"fish with orange bodies and purple stripes"	fish_orange_bodies_purple_stripes	1
0	false	false	true	logTest	mp-game-6	pilot	1123-e67f4a00-fbfa-4ab4-a29e-e90e3370b877	1561681747425	student	40	"trees with (purple trunks or white leaves) and orange berries"	trees_purple_trunks_or_white_leaves_orange_berries	2
1	true	false	false	logTest	mp-game-6	pilot	1123-e67f4a00-fbfa-4ab4-a29e-e90e3370b877	1561681747425	student	40	"trees with (purple trunks or white leaves) and orange berries"	trees_purple_trunks_or_white_leaves_orange_berries	2
2	true	false	false	logTest	mp-game-6	pilot	1123-e67f4a00-fbfa-4ab4-a29e-e90e3370b877	1561681747425	student	40	"trees with (purple trunks or white leaves) and orange berries"	trees_purple_trunks_or_white_leaves_orange_berries	2
3	false	false	true	logTest	mp-game-6	pilot	1123-e67f4a00-fbfa-4ab4-a29e-e90e3370b877	1561681747425	student	40	"trees with (purple trunks or white leaves) and orange berries"	trees_purple_trunks_or_white_leaves_orange_berries	2
4	false	false	true	logTest	mp-game-6	pilot	1123-e67f4a00-fbfa-4ab4-a29e-e90e3370b877	1561681747425	student	40	"trees with (purple trunks or white leaves) and orange berries"	trees_purple_trunks_or_white_leaves_orange_berries	2
5	false	false	true	logTest	mp-game-6	pilot	1123-e67f4a00-fbfa-4ab4-a29e-e90e3370b877	1561681747425	student	40	"trees with (purple trunks or white leaves) and orange berries"	trees_purple_trunks_or_white_leaves_orange_berries	2
6	false	false	true	logTest	mp-game-6	pilot	1123-e67f4a00-fbfa-4ab4-a29e-e90e3370b877	1561681747425	student	40	"trees with (purple trunks or white leaves) and orange berries"	trees_purple_trunks_or_white_leaves_orange_berries	2
7	true	false	false	logTest	mp-game-6	pilot	1123-e67f4a00-fbfa-4ab4-a29e-e90e3370b877	1561681747425	student	40	"trees with (purple trunks or white leaves) and orange berries"	trees_purple_trunks_or_white_leaves_orange_berries	2
8	false	false	true	logTest	mp-game-6	pilot	1123-e67f4a00-fbfa-4ab4-a29e-e90e3370b877	1561681747425	student	40	"trees with (purple trunks or white leaves) and orange berries"	trees_purple_trunks_or_white_leaves_orange_berries	2
9	false	false	true	logTest	mp-game-6	pilot	1123-e67f4a00-fbfa-4ab4-a29e-e90e3370b877	1561681747425	student	40	"trees with (purple trunks or white leaves) and orange berries"	trees_purple_trunks_or_white_leaves_orange_berries	2
10	false	false	true	logTest	mp-game-6	pilot	1123-e67f4a00-fbfa-4ab4-a29e-e90e3370b877	1561681747425	student	40	"trees with (purple trunks or white leaves) and orange berries"	trees_purple_trunks_or_white_leaves_orange_berries	2
11	false	false	true	logTest	mp-game-6	pilot	1123-e67f4a00-fbfa-4ab4-a29e-e90e3370b877	1561681747425	student	40	"trees with (purple trunks or white leaves) and orange berries"	trees_purple_trunks_or_white_leaves_orange_berries	2
12	true	false	false	logTest	mp-game-6	pilot	1123-e67f4a00-fbfa-4ab4-a29e-e90e3370b877	1561681747425	student	40	"trees with (purple trunks or white leaves) and orange berries"	trees_purple_trunks_or_white_leaves_orange_berries	2
13	false	false	true	logTest	mp-game-6	pilot	1123-e67f4a00-fbfa-4ab4-a29e-e90e3370b877	1561681747425	student	40	"trees with (purple trunks or white leaves) and orange berries"	trees_purple_trunks_or_white_leaves_orange_berries	2
14	false	false	true	logTest	mp-game-6	pilot	1123-e67f4a00-fbfa-4ab4-a29e-e90e3370b877	1561681747425	student	40	"trees with (purple trunks or white leaves) and orange berries"	trees_purple_trunks_or_white_leaves_orange_berries	2
15	false	false	true	logTest	mp-game-6	pilot	1123-e67f4a00-fbfa-4ab4-a29e-e90e3370b877	1561681747425	student	40	"trees with (purple trunks or white leaves) and orange berries"	trees_purple_trunks_or_white_leaves_orange_berries	2
16	false	true	false	logTest	mp-game-6	pilot	1123-e67f4a00-fbfa-4ab4-a29e-e90e3370b877	1561681747425	student	40	"trees with (purple trunks or white leaves) and orange berries"	trees_purple_trunks_or_white_leaves_orange_berries	2
17	false	false	true	logTest	mp-game-6	pilot	1123-e67f4a00-fbfa-4ab4-a29e-e90e3370b877	1561681747425	student	40	"trees with (purple trunks or white leaves) and orange berries"	trees_purple_trunks_or_white_leaves_orange_berries	2
18	false	false	true	logTest	mp-game-6	pilot	1123-e67f4a00-fbfa-4ab4-a29e-e90e3370b877	1561681747425	student	40	"trees with (purple trunks or white leaves) and orange berries"	trees_purple_trunks_or_white_leaves_orange_berries	2
19	false	false	true	logTest	mp-game-6	pilot	1123-e67f4a00-fbfa-4ab4-a29e-e90e3370b877	1561681747425	student	40	"trees with (purple trunks or white leaves) and orange berries"	trees_purple_trunks_or_white_leaves_orange_berries	2
20	false	false	true	logTest	mp-game-6	pilot	1123-e67f4a00-fbfa-4ab4-a29e-e90e3370b877	1561681747425	student	40	"trees with (purple trunks or white leaves) and orange berries"	trees_purple_trunks_or_white_leaves_orange_berries	2
21	false	false	true	logTest	mp-game-6	pilot	1123-e67f4a00-fbfa-4ab4-a29e-e90e3370b877	1561681747425	student	40	"trees with (purple trunks or white leaves) and orange berries"	trees_purple_trunks_or_white_leaves_orange_berries	2
22	false	false	true	logTest	mp-game-6	pilot	1123-e67f4a00-fbfa-4ab4-a29e-e90e3370b877	1561681747425	student	40	"trees with (purple trunks or white leaves) and orange berries"	trees_purple_trunks_or_white_leaves_orange_berries	2
23	false	false	true	logTest	mp-game-6	pilot	1123-e67f4a00-fbfa-4ab4-a29e-e90e3370b877	1561681747425	student	40	"trees with (purple trunks or white leaves) and orange berries"	trees_purple_trunks_or_white_leaves_orange_berries	2
24	false	true	false	logTest	mp-game-6	pilot	1123-e67f4a00-fbfa-4ab4-a29e-e90e3370b877	1561681747425	student	40	"trees with (purple trunks or white leaves) and orange berries"	trees_purple_trunks_or_white_leaves_orange_berries	2
25	false	false	true	logTest	mp-game-6	pilot	1123-e67f4a00-fbfa-4ab4-a29e-e90e3370b877	1561681747425	student	40	"trees with (purple trunks or white leaves) and orange berries"	trees_purple_trunks_or_white_leaves_orange_berries	2
26	false	false	true	logTest	mp-game-6	pilot	1123-e67f4a00-fbfa-4ab4-a29e-e90e3370b877	1561681747425	student	40	"trees with (purple trunks or white leaves) and orange berries"	trees_purple_trunks_or_white_leaves_orange_berries	2
27	false	false	true	logTest	mp-game-6	pilot	1123-e67f4a00-fbfa-4ab4-a29e-e90e3370b877	1561681747425	student	40	"trees with (purple trunks or white leaves) and orange berries"	trees_purple_trunks_or_white_leaves_orange_berries	2
28	false	true	false	logTest	mp-game-6	pilot	1123-e67f4a00-fbfa-4ab4-a29e-e90e3370b877	1561681747425	student	40	"trees with (purple trunks or white leaves) and orange berries"	trees_purple_trunks_or_white_leaves_orange_berries	2
29	false	false	true	logTest	mp-game-6	pilot	1123-e67f4a00-fbfa-4ab4-a29e-e90e3370b877	1561681747425	student	40	"trees with (purple trunks or white leaves) and orange berries"	trees_purple_trunks_or_white_leaves_orange_berries	2
30	false	false	true	logTest	mp-game-6	pilot	1123-e67f4a00-fbfa-4ab4-a29e-e90e3370b877	1561681747425	student	40	"trees with (purple trunks or white leaves) and orange berries"	trees_purple_trunks_or_white_leaves_orange_berries	2
31	false	true	false	logTest	mp-game-6	pilot	1123-e67f4a00-fbfa-4ab4-a29e-e90e3370b877	1561681747425	student	40	"trees with (purple trunks or white leaves) and orange berries"	trees_purple_trunks_or_white_leaves_orange_berries	2
32	false	false	true	logTest	mp-game-6	pilot	1123-e67f4a00-fbfa-4ab4-a29e-e90e3370b877	1561681747425	student	40	"trees with (purple trunks or white leaves) and orange berries"	trees_purple_trunks_or_white_leaves_orange_berries	2
33	false	false	true	logTest	mp-game-6	pilot	1123-e67f4a00-fbfa-4ab4-a29e-e90e3370b877	1561681747425	student	40	"trees with (purple trunks or white leaves) and orange berries"	trees_purple_trunks_or_white_leaves_orange_berries	2
34	false	false	true	logTest	mp-game-6	pilot	1123-e67f4a00-fbfa-4ab4-a29e-e90e3370b877	1561681747425	student	40	"trees with (purple trunks or white leaves) and orange berries"	trees_purple_trunks_or_white_leaves_orange_berries	2
35	false	false	true	logTest	mp-game-6	pilot	1123-e67f4a00-fbfa-4ab4-a29e-e90e3370b877	1561681747425	student	40	"trees with (purple trunks or white leaves) and orange berries"	trees_purple_trunks_or_white_leaves_orange_berries	2
36	false	false	true	logTest	mp-game-6	pilot	1123-e67f4a00-fbfa-4ab4-a29e-e90e3370b877	1561681747425	student	40	"trees with (purple trunks or white leaves) and orange berries"	trees_purple_trunks_or_white_leaves_orange_berries	2
37	false	false	true	logTest	mp-game-6	pilot	1123-e67f4a00-fbfa-4ab4-a29e-e90e3370b877	1561681747425	student	40	"trees with (purple trunks or white leaves) and orange berries"	trees_purple_trunks_or_white_leaves_orange_berries	2
38	false	false	true	logTest	mp-game-6	pilot	1123-e67f4a00-fbfa-4ab4-a29e-e90e3370b877	1561681747425	student	40	"trees with (purple trunks or white leaves) and orange berries"	trees_purple_trunks_or_white_leaves_orange_berries	2
39	false	false	true	logTest	mp-game-6	pilot	1123-e67f4a00-fbfa-4ab4-a29e-e90e3370b877	1561681747425	student	40	"trees with (purple trunks or white leaves) and orange berries"	trees_purple_trunks_or_white_leaves_orange_berries	2
40	false	true	false	logTest	mp-game-6	pilot	1123-e67f4a00-fbfa-4ab4-a29e-e90e3370b877	1561681747425	student	40	"trees with (purple trunks or white leaves) and orange berries"	trees_purple_trunks_or_white_leaves_orange_berries	2
41	false	false	true	logTest	mp-game-6	pilot	1123-e67f4a00-fbfa-4ab4-a29e-e90e3370b877	1561681747425	student	40	"trees with (purple trunks or white leaves) and orange berries"	trees_purple_trunks_or_white_leaves_orange_berries	2
42	false	false	true	logTest	mp-game-6	pilot	1123-e67f4a00-fbfa-4ab4-a29e-e90e3370b877	1561681747425	student	40	"trees with (purple trunks or white leaves) and orange berries"	trees_purple_trunks_or_white_leaves_orange_berries	2
43	false	false	true	logTest	mp-game-6	pilot	1123-e67f4a00-fbfa-4ab4-a29e-e90e3370b877	1561681747425	student	40	"trees with (purple trunks or white leaves) and orange berries"	trees_purple_trunks_or_white_leaves_orange_berries	2
44	false	false	true	logTest	mp-game-6	pilot	1123-e67f4a00-fbfa-4ab4-a29e-e90e3370b877	1561681747425	student	40	"trees with (purple trunks or white leaves) and orange berries"	trees_purple_trunks_or_white_leaves_orange_berries	2
45	false	false	true	logTest	mp-game-6	pilot	1123-e67f4a00-fbfa-4ab4-a29e-e90e3370b877	1561681747425	student	40	"trees with (purple trunks or white leaves) and orange berries"	trees_purple_trunks_or_white_leaves_orange_berries	2
46	false	false	true	logTest	mp-game-6	pilot	1123-e67f4a00-fbfa-4ab4-a29e-e90e3370b877	1561681747425	student	40	"trees with (purple trunks or white leaves) and orange berries"	trees_purple_trunks_or_white_leaves_orange_berries	2
47	false	true	false	logTest	mp-game-6	pilot	1123-e67f4a00-fbfa-4ab4-a29e-e90e3370b877	1561681747425	student	40	"trees with (purple trunks or white leaves) and orange berries"	trees_purple_trunks_or_white_leaves_orange_berries	2
48	false	false	true	logTest	mp-game-6	pilot	1123-e67f4a00-fbfa-4ab4-a29e-e90e3370b877	1561681747425	student	40	"trees with (purple trunks or white leaves) and orange berries"	trees_purple_trunks_or_white_leaves_orange_berries	2
49	false	false	true	logTest	mp-game-6	pilot	1123-e67f4a00-fbfa-4ab4-a29e-e90e3370b877	1561681747425	student	40	"trees with (purple trunks or white leaves) and orange berries"	trees_purple_trunks_or_white_leaves_orange_berries	2
0	false	false	true	logTest	mp-game-6	pilot	1123-e67f4a00-fbfa-4ab4-a29e-e90e3370b877	1561681752585	explorer	40	"trees with (purple trunks or white leaves) and orange berries"	trees_purple_trunks_or_white_leaves_orange_berries	2
1	false	false	true	logTest	mp-game-6	pilot	1123-e67f4a00-fbfa-4ab4-a29e-e90e3370b877	1561681752585	explorer	40	"trees with (purple trunks or white leaves) and orange berries"	trees_purple_trunks_or_white_leaves_orange_berries	2
2	true	false	false	logTest	mp-game-6	pilot	1123-e67f4a00-fbfa-4ab4-a29e-e90e3370b877	1561681752585	explorer	40	"trees with (purple trunks or white leaves) and orange berries"	trees_purple_trunks_or_white_leaves_orange_berries	2
3	false	false	true	logTest	mp-game-6	pilot	1123-e67f4a00-fbfa-4ab4-a29e-e90e3370b877	1561681752585	explorer	40	"trees with (purple trunks or white leaves) and orange berries"	trees_purple_trunks_or_white_leaves_orange_berries	2
4	false	false	true	logTest	mp-game-6	pilot	1123-e67f4a00-fbfa-4ab4-a29e-e90e3370b877	1561681752585	explorer	40	"trees with (purple trunks or white leaves) and orange berries"	trees_purple_trunks_or_white_leaves_orange_berries	2
5	false	false	true	logTest	mp-game-6	pilot	1123-e67f4a00-fbfa-4ab4-a29e-e90e3370b877	1561681752585	explorer	40	"trees with (purple trunks or white leaves) and orange berries"	trees_purple_trunks_or_white_leaves_orange_berries	2
6	true	false	false	logTest	mp-game-6	pilot	1123-e67f4a00-fbfa-4ab4-a29e-e90e3370b877	1561681752585	explorer	40	"trees with (purple trunks or white leaves) and orange berries"	trees_purple_trunks_or_white_leaves_orange_berries	2
7	true	false	false	logTest	mp-game-6	pilot	1123-e67f4a00-fbfa-4ab4-a29e-e90e3370b877	1561681752585	explorer	40	"trees with (purple trunks or white leaves) and orange berries"	trees_purple_trunks_or_white_leaves_orange_berries	2
8	false	false	true	logTest	mp-game-6	pilot	1123-e67f4a00-fbfa-4ab4-a29e-e90e3370b877	1561681752585	explorer	40	"trees with (purple trunks or white leaves) and orange berries"	trees_purple_trunks_or_white_leaves_orange_berries	2
9	false	false	true	logTest	mp-game-6	pilot	1123-e67f4a00-fbfa-4ab4-a29e-e90e3370b877	1561681752585	explorer	40	"trees with (purple trunks or white leaves) and orange berries"	trees_purple_trunks_or_white_leaves_orange_berries	2
10	false	false	true	logTest	mp-game-6	pilot	1123-e67f4a00-fbfa-4ab4-a29e-e90e3370b877	1561681752585	explorer	40	"trees with (purple trunks or white leaves) and orange berries"	trees_purple_trunks_or_white_leaves_orange_berries	2
11	false	false	true	logTest	mp-game-6	pilot	1123-e67f4a00-fbfa-4ab4-a29e-e90e3370b877	1561681752585	explorer	40	"trees with (purple trunks or white leaves) and orange berries"	trees_purple_trunks_or_white_leaves_orange_berries	2
12	false	false	true	logTest	mp-game-6	pilot	1123-e67f4a00-fbfa-4ab4-a29e-e90e3370b877	1561681752585	explorer	40	"trees with (purple trunks or white leaves) and orange berries"	trees_purple_trunks_or_white_leaves_orange_berries	2
13	false	false	true	logTest	mp-game-6	pilot	1123-e67f4a00-fbfa-4ab4-a29e-e90e3370b877	1561681752585	explorer	40	"trees with (purple trunks or white leaves) and orange berries"	trees_purple_trunks_or_white_leaves_orange_berries	2
14	false	false	true	logTest	mp-game-6	pilot	1123-e67f4a00-fbfa-4ab4-a29e-e90e3370b877	1561681752585	explorer	40	"trees with (purple trunks or white leaves) and orange berries"	trees_purple_trunks_or_white_leaves_orange_berries	2
15	false	false	true	logTest	mp-game-6	pilot	1123-e67f4a00-fbfa-4ab4-a29e-e90e3370b877	1561681752585	explorer	40	"trees with (purple trunks or white leaves) and orange berries"	trees_purple_trunks_or_white_leaves_orange_berries	2
16	false	true	false	logTest	mp-game-6	pilot	1123-e67f4a00-fbfa-4ab4-a29e-e90e3370b877	1561681752585	explorer	40	"trees with (purple trunks or white leaves) and orange berries"	trees_purple_trunks_or_white_leaves_orange_berries	2
17	false	false	true	logTest	mp-game-6	pilot	1123-e67f4a00-fbfa-4ab4-a29e-e90e3370b877	1561681752585	explorer	40	"trees with (purple trunks or white leaves) and orange berries"	trees_purple_trunks_or_white_leaves_orange_berries	2
18	false	false	true	logTest	mp-game-6	pilot	1123-e67f4a00-fbfa-4ab4-a29e-e90e3370b877	1561681752585	explorer	40	"trees with (purple trunks or white leaves) and orange berries"	trees_purple_trunks_or_white_leaves_orange_berries	2
19	false	false	true	logTest	mp-game-6	pilot	1123-e67f4a00-fbfa-4ab4-a29e-e90e3370b877	1561681752585	explorer	40	"trees with (purple trunks or white leaves) and orange berries"	trees_purple_trunks_or_white_leaves_orange_berries	2
20	false	false	true	logTest	mp-game-6	pilot	1123-e67f4a00-fbfa-4ab4-a29e-e90e3370b877	1561681752585	explorer	40	"trees with (purple trunks or white leaves) and orange berries"	trees_purple_trunks_or_white_leaves_orange_berries	2
21	false	false	true	logTest	mp-game-6	pilot	1123-e67f4a00-fbfa-4ab4-a29e-e90e3370b877	1561681752585	explorer	40	"trees with (purple trunks or white leaves) and orange berries"	trees_purple_trunks_or_white_leaves_orange_berries	2
22	false	false	true	logTest	mp-game-6	pilot	1123-e67f4a00-fbfa-4ab4-a29e-e90e3370b877	1561681752585	explorer	40	"trees with (purple trunks or white leaves) and orange berries"	trees_purple_trunks_or_white_leaves_orange_berries	2
23	false	false	true	logTest	mp-game-6	pilot	1123-e67f4a00-fbfa-4ab4-a29e-e90e3370b877	1561681752585	explorer	40	"trees with (purple trunks or white leaves) and orange berries"	trees_purple_trunks_or_white_leaves_orange_berries	2
24	false	true	false	logTest	mp-game-6	pilot	1123-e67f4a00-fbfa-4ab4-a29e-e90e3370b877	1561681752585	explorer	40	"trees with (purple trunks or white leaves) and orange berries"	trees_purple_trunks_or_white_leaves_orange_berries	2
25	false	false	true	logTest	mp-game-6	pilot	1123-e67f4a00-fbfa-4ab4-a29e-e90e3370b877	1561681752585	explorer	40	"trees with (purple trunks or white leaves) and orange berries"	trees_purple_trunks_or_white_leaves_orange_berries	2
26	false	false	true	logTest	mp-game-6	pilot	1123-e67f4a00-fbfa-4ab4-a29e-e90e3370b877	1561681752585	explorer	40	"trees with (purple trunks or white leaves) and orange berries"	trees_purple_trunks_or_white_leaves_orange_berries	2
27	false	false	true	logTest	mp-game-6	pilot	1123-e67f4a00-fbfa-4ab4-a29e-e90e3370b877	1561681752585	explorer	40	"trees with (purple trunks or white leaves) and orange berries"	trees_purple_trunks_or_white_leaves_orange_berries	2
28	false	true	false	logTest	mp-game-6	pilot	1123-e67f4a00-fbfa-4ab4-a29e-e90e3370b877	1561681752585	explorer	40	"trees with (purple trunks or white leaves) and orange berries"	trees_purple_trunks_or_white_leaves_orange_berries	2
29	false	false	true	logTest	mp-game-6	pilot	1123-e67f4a00-fbfa-4ab4-a29e-e90e3370b877	1561681752585	explorer	40	"trees with (purple trunks or white leaves) and orange berries"	trees_purple_trunks_or_white_leaves_orange_berries	2
30	false	false	true	logTest	mp-game-6	pilot	1123-e67f4a00-fbfa-4ab4-a29e-e90e3370b877	1561681752585	explorer	40	"trees with (purple trunks or white leaves) and orange berries"	trees_purple_trunks_or_white_leaves_orange_berries	2
31	false	true	false	logTest	mp-game-6	pilot	1123-e67f4a00-fbfa-4ab4-a29e-e90e3370b877	1561681752585	explorer	40	"trees with (purple trunks or white leaves) and orange berries"	trees_purple_trunks_or_white_leaves_orange_berries	2
32	false	false	true	logTest	mp-game-6	pilot	1123-e67f4a00-fbfa-4ab4-a29e-e90e3370b877	1561681752585	explorer	40	"trees with (purple trunks or white leaves) and orange berries"	trees_purple_trunks_or_white_leaves_orange_berries	2
33	false	false	true	logTest	mp-game-6	pilot	1123-e67f4a00-fbfa-4ab4-a29e-e90e3370b877	1561681752585	explorer	40	"trees with (purple trunks or white leaves) and orange berries"	trees_purple_trunks_or_white_leaves_orange_berries	2
34	false	false	true	logTest	mp-game-6	pilot	1123-e67f4a00-fbfa-4ab4-a29e-e90e3370b877	1561681752585	explorer	40	"trees with (purple trunks or white leaves) and orange berries"	trees_purple_trunks_or_white_leaves_orange_berries	2
35	false	false	true	logTest	mp-game-6	pilot	1123-e67f4a00-fbfa-4ab4-a29e-e90e3370b877	1561681752585	explorer	40	"trees with (purple trunks or white leaves) and orange berries"	trees_purple_trunks_or_white_leaves_orange_berries	2
36	false	false	true	logTest	mp-game-6	pilot	1123-e67f4a00-fbfa-4ab4-a29e-e90e3370b877	1561681752585	explorer	40	"trees with (purple trunks or white leaves) and orange berries"	trees_purple_trunks_or_white_leaves_orange_berries	2
37	false	false	true	logTest	mp-game-6	pilot	1123-e67f4a00-fbfa-4ab4-a29e-e90e3370b877	1561681752585	explorer	40	"trees with (purple trunks or white leaves) and orange berries"	trees_purple_trunks_or_white_leaves_orange_berries	2
38	false	false	true	logTest	mp-game-6	pilot	1123-e67f4a00-fbfa-4ab4-a29e-e90e3370b877	1561681752585	explorer	40	"trees with (purple trunks or white leaves) and orange berries"	trees_purple_trunks_or_white_leaves_orange_berries	2
39	false	false	true	logTest	mp-game-6	pilot	1123-e67f4a00-fbfa-4ab4-a29e-e90e3370b877	1561681752585	explorer	40	"trees with (purple trunks or white leaves) and orange berries"	trees_purple_trunks_or_white_leaves_orange_berries	2
40	false	true	false	logTest	mp-game-6	pilot	1123-e67f4a00-fbfa-4ab4-a29e-e90e3370b877	1561681752585	explorer	40	"trees with (purple trunks or white leaves) and orange berries"	trees_purple_trunks_or_white_leaves_orange_berries	2
41	false	false	true	logTest	mp-game-6	pilot	1123-e67f4a00-fbfa-4ab4-a29e-e90e3370b877	1561681752585	explorer	40	"trees with (purple trunks or white leaves) and orange berries"	trees_purple_trunks_or_white_leaves_orange_berries	2
42	false	false	true	logTest	mp-game-6	pilot	1123-e67f4a00-fbfa-4ab4-a29e-e90e3370b877	1561681752585	explorer	40	"trees with (purple trunks or white leaves) and orange berries"	trees_purple_trunks_or_white_leaves_orange_berries	2
43	false	false	true	logTest	mp-game-6	pilot	1123-e67f4a00-fbfa-4ab4-a29e-e90e3370b877	1561681752585	explorer	40	"trees with (purple trunks or white leaves) and orange berries"	trees_purple_trunks_or_white_leaves_orange_berries	2
44	false	false	true	logTest	mp-game-6	pilot	1123-e67f4a00-fbfa-4ab4-a29e-e90e3370b877	1561681752585	explorer	40	"trees with (purple trunks or white leaves) and orange berries"	trees_purple_trunks_or_white_leaves_orange_berries	2
45	false	false	true	logTest	mp-game-6	pilot	1123-e67f4a00-fbfa-4ab4-a29e-e90e3370b877	1561681752585	explorer	40	"trees with (purple trunks or white leaves) and orange berries"	trees_purple_trunks_or_white_leaves_orange_berries	2
46	false	false	true	logTest	mp-game-6	pilot	1123-e67f4a00-fbfa-4ab4-a29e-e90e3370b877	1561681752585	explorer	40	"trees with (purple trunks or white leaves) and orange berries"	trees_purple_trunks_or_white_leaves_orange_berries	2
47	false	true	false	logTest	mp-game-6	pilot	1123-e67f4a00-fbfa-4ab4-a29e-e90e3370b877	1561681752585	explorer	40	"trees with (purple trunks or white leaves) and orange berries"	trees_purple_trunks_or_white_leaves_orange_berries	2
48	false	false	true	logTest	mp-game-6	pilot	1123-e67f4a00-fbfa-4ab4-a29e-e90e3370b877	1561681752585	explorer	40	"trees with (purple trunks or white leaves) and orange berries"	trees_purple_trunks_or_white_leaves_orange_berries	2
49	false	false	true	logTest	mp-game-6	pilot	1123-e67f4a00-fbfa-4ab4-a29e-e90e3370b877	1561681752585	explorer	40	"trees with (purple trunks or white leaves) and orange berries"	trees_purple_trunks_or_white_leaves_orange_berries	2
0	false	true	false	logTest	mp-game-6	pilot	1123-e67f4a00-fbfa-4ab4-a29e-e90e3370b877	1561681898693	student	20	"bugs with orange antennae or wings"	bugs_orange_antennae_or_wings	3
1	false	true	false	logTest	mp-game-6	pilot	1123-e67f4a00-fbfa-4ab4-a29e-e90e3370b877	1561681898693	student	20	"bugs with orange antennae or wings"	bugs_orange_antennae_or_wings	3
2	true	true	true	logTest	mp-game-6	pilot	1123-e67f4a00-fbfa-4ab4-a29e-e90e3370b877	1561681898693	student	20	"bugs with orange antennae or wings"	bugs_orange_antennae_or_wings	3
3	false	true	false	logTest	mp-game-6	pilot	1123-e67f4a00-fbfa-4ab4-a29e-e90e3370b877	1561681898693	student	20	"bugs with orange antennae or wings"	bugs_orange_antennae_or_wings	3
4	false	true	false	logTest	mp-game-6	pilot	1123-e67f4a00-fbfa-4ab4-a29e-e90e3370b877	1561681898693	student	20	"bugs with orange antennae or wings"	bugs_orange_antennae_or_wings	3
5	false	true	false	logTest	mp-game-6	pilot	1123-e67f4a00-fbfa-4ab4-a29e-e90e3370b877	1561681898693	student	20	"bugs with orange antennae or wings"	bugs_orange_antennae_or_wings	3
6	false	true	false	logTest	mp-game-6	pilot	1123-e67f4a00-fbfa-4ab4-a29e-e90e3370b877	1561681898693	student	20	"bugs with orange antennae or wings"	bugs_orange_antennae_or_wings	3
7	true	true	true	logTest	mp-game-6	pilot	1123-e67f4a00-fbfa-4ab4-a29e-e90e3370b877	1561681898693	student	20	"bugs with orange antennae or wings"	bugs_orange_antennae_or_wings	3
8	false	true	false	logTest	mp-game-6	pilot	1123-e67f4a00-fbfa-4ab4-a29e-e90e3370b877	1561681898693	student	20	"bugs with orange antennae or wings"	bugs_orange_antennae_or_wings	3
9	false	true	false	logTest	mp-game-6	pilot	1123-e67f4a00-fbfa-4ab4-a29e-e90e3370b877	1561681898693	student	20	"bugs with orange antennae or wings"	bugs_orange_antennae_or_wings	3
10	false	true	false	logTest	mp-game-6	pilot	1123-e67f4a00-fbfa-4ab4-a29e-e90e3370b877	1561681898693	student	20	"bugs with orange antennae or wings"	bugs_orange_antennae_or_wings	3
11	false	false	true	logTest	mp-game-6	pilot	1123-e67f4a00-fbfa-4ab4-a29e-e90e3370b877	1561681898693	student	20	"bugs with orange antennae or wings"	bugs_orange_antennae_or_wings	3
12	false	false	true	logTest	mp-game-6	pilot	1123-e67f4a00-fbfa-4ab4-a29e-e90e3370b877	1561681898693	student	20	"bugs with orange antennae or wings"	bugs_orange_antennae_or_wings	3
13	false	true	false	logTest	mp-game-6	pilot	1123-e67f4a00-fbfa-4ab4-a29e-e90e3370b877	1561681898693	student	20	"bugs with orange antennae or wings"	bugs_orange_antennae_or_wings	3
14	false	true	false	logTest	mp-game-6	pilot	1123-e67f4a00-fbfa-4ab4-a29e-e90e3370b877	1561681898693	student	20	"bugs with orange antennae or wings"	bugs_orange_antennae_or_wings	3
15	false	true	false	logTest	mp-game-6	pilot	1123-e67f4a00-fbfa-4ab4-a29e-e90e3370b877	1561681898693	student	20	"bugs with orange antennae or wings"	bugs_orange_antennae_or_wings	3
16	false	true	false	logTest	mp-game-6	pilot	1123-e67f4a00-fbfa-4ab4-a29e-e90e3370b877	1561681898693	student	20	"bugs with orange antennae or wings"	bugs_orange_antennae_or_wings	3
17	false	true	false	logTest	mp-game-6	pilot	1123-e67f4a00-fbfa-4ab4-a29e-e90e3370b877	1561681898693	student	20	"bugs with orange antennae or wings"	bugs_orange_antennae_or_wings	3
18	false	true	false	logTest	mp-game-6	pilot	1123-e67f4a00-fbfa-4ab4-a29e-e90e3370b877	1561681898693	student	20	"bugs with orange antennae or wings"	bugs_orange_antennae_or_wings	3
19	false	true	false	logTest	mp-game-6	pilot	1123-e67f4a00-fbfa-4ab4-a29e-e90e3370b877	1561681898693	student	20	"bugs with orange antennae or wings"	bugs_orange_antennae_or_wings	3
20	false	true	false	logTest	mp-game-6	pilot	1123-e67f4a00-fbfa-4ab4-a29e-e90e3370b877	1561681898693	student	20	"bugs with orange antennae or wings"	bugs_orange_antennae_or_wings	3
21	false	true	false	logTest	mp-game-6	pilot	1123-e67f4a00-fbfa-4ab4-a29e-e90e3370b877	1561681898693	student	20	"bugs with orange antennae or wings"	bugs_orange_antennae_or_wings	3
22	false	true	false	logTest	mp-game-6	pilot	1123-e67f4a00-fbfa-4ab4-a29e-e90e3370b877	1561681898693	student	20	"bugs with orange antennae or wings"	bugs_orange_antennae_or_wings	3
23	false	true	false	logTest	mp-game-6	pilot	1123-e67f4a00-fbfa-4ab4-a29e-e90e3370b877	1561681898693	student	20	"bugs with orange antennae or wings"	bugs_orange_antennae_or_wings	3
24	false	true	false	logTest	mp-game-6	pilot	1123-e67f4a00-fbfa-4ab4-a29e-e90e3370b877	1561681898693	student	20	"bugs with orange antennae or wings"	bugs_orange_antennae_or_wings	3
25	false	true	false	logTest	mp-game-6	pilot	1123-e67f4a00-fbfa-4ab4-a29e-e90e3370b877	1561681898693	student	20	"bugs with orange antennae or wings"	bugs_orange_antennae_or_wings	3
26	false	true	false	logTest	mp-game-6	pilot	1123-e67f4a00-fbfa-4ab4-a29e-e90e3370b877	1561681898693	student	20	"bugs with orange antennae or wings"	bugs_orange_antennae_or_wings	3
27	false	true	false	logTest	mp-game-6	pilot	1123-e67f4a00-fbfa-4ab4-a29e-e90e3370b877	1561681898693	student	20	"bugs with orange antennae or wings"	bugs_orange_antennae_or_wings	3
28	false	true	false	logTest	mp-game-6	pilot	1123-e67f4a00-fbfa-4ab4-a29e-e90e3370b877	1561681898693	student	20	"bugs with orange antennae or wings"	bugs_orange_antennae_or_wings	3
29	false	true	false	logTest	mp-game-6	pilot	1123-e67f4a00-fbfa-4ab4-a29e-e90e3370b877	1561681898693	student	20	"bugs with orange antennae or wings"	bugs_orange_antennae_or_wings	3
30	false	true	false	logTest	mp-game-6	pilot	1123-e67f4a00-fbfa-4ab4-a29e-e90e3370b877	1561681898693	student	20	"bugs with orange antennae or wings"	bugs_orange_antennae_or_wings	3
31	false	true	false	logTest	mp-game-6	pilot	1123-e67f4a00-fbfa-4ab4-a29e-e90e3370b877	1561681898693	student	20	"bugs with orange antennae or wings"	bugs_orange_antennae_or_wings	3
32	false	true	false	logTest	mp-game-6	pilot	1123-e67f4a00-fbfa-4ab4-a29e-e90e3370b877	1561681898693	student	20	"bugs with orange antennae or wings"	bugs_orange_antennae_or_wings	3
33	false	true	false	logTest	mp-game-6	pilot	1123-e67f4a00-fbfa-4ab4-a29e-e90e3370b877	1561681898693	student	20	"bugs with orange antennae or wings"	bugs_orange_antennae_or_wings	3
34	false	true	false	logTest	mp-game-6	pilot	1123-e67f4a00-fbfa-4ab4-a29e-e90e3370b877	1561681898693	student	20	"bugs with orange antennae or wings"	bugs_orange_antennae_or_wings	3
35	false	true	false	logTest	mp-game-6	pilot	1123-e67f4a00-fbfa-4ab4-a29e-e90e3370b877	1561681898693	student	20	"bugs with orange antennae or wings"	bugs_orange_antennae_or_wings	3
36	false	true	false	logTest	mp-game-6	pilot	1123-e67f4a00-fbfa-4ab4-a29e-e90e3370b877	1561681898693	student	20	"bugs with orange antennae or wings"	bugs_orange_antennae_or_wings	3
37	true	true	true	logTest	mp-game-6	pilot	1123-e67f4a00-fbfa-4ab4-a29e-e90e3370b877	1561681898693	student	20	"bugs with orange antennae or wings"	bugs_orange_antennae_or_wings	3
38	false	true	false	logTest	mp-game-6	pilot	1123-e67f4a00-fbfa-4ab4-a29e-e90e3370b877	1561681898693	student	20	"bugs with orange antennae or wings"	bugs_orange_antennae_or_wings	3
39	false	true	false	logTest	mp-game-6	pilot	1123-e67f4a00-fbfa-4ab4-a29e-e90e3370b877	1561681898693	student	20	"bugs with orange antennae or wings"	bugs_orange_antennae_or_wings	3
40	false	true	false	logTest	mp-game-6	pilot	1123-e67f4a00-fbfa-4ab4-a29e-e90e3370b877	1561681898693	student	20	"bugs with orange antennae or wings"	bugs_orange_antennae_or_wings	3
41	false	true	false	logTest	mp-game-6	pilot	1123-e67f4a00-fbfa-4ab4-a29e-e90e3370b877	1561681898693	student	20	"bugs with orange antennae or wings"	bugs_orange_antennae_or_wings	3
42	true	true	true	logTest	mp-game-6	pilot	1123-e67f4a00-fbfa-4ab4-a29e-e90e3370b877	1561681898693	student	20	"bugs with orange antennae or wings"	bugs_orange_antennae_or_wings	3
43	false	true	false	logTest	mp-game-6	pilot	1123-e67f4a00-fbfa-4ab4-a29e-e90e3370b877	1561681898693	student	20	"bugs with orange antennae or wings"	bugs_orange_antennae_or_wings	3
44	false	true	false	logTest	mp-game-6	pilot	1123-e67f4a00-fbfa-4ab4-a29e-e90e3370b877	1561681898693	student	20	"bugs with orange antennae or wings"	bugs_orange_antennae_or_wings	3
45	false	true	false	logTest	mp-game-6	pilot	1123-e67f4a00-fbfa-4ab4-a29e-e90e3370b877	1561681898693	student	20	"bugs with orange antennae or wings"	bugs_orange_antennae_or_wings	3
46	false	true	false	logTest	mp-game-6	pilot	1123-e67f4a00-fbfa-4ab4-a29e-e90e3370b877	1561681898693	student	20	"bugs with orange antennae or wings"	bugs_orange_antennae_or_wings	3
47	true	true	true	logTest	mp-game-6	pilot	1123-e67f4a00-fbfa-4ab4-a29e-e90e3370b877	1561681898693	student	20	"bugs with orange antennae or wings"	bugs_orange_antennae_or_wings	3
48	false	false	true	logTest	mp-game-6	pilot	1123-e67f4a00-fbfa-4ab4-a29e-e90e3370b877	1561681898693	student	20	"bugs with orange antennae or wings"	bugs_orange_antennae_or_wings	3
49	false	true	false	logTest	mp-game-6	pilot	1123-e67f4a00-fbfa-4ab4-a29e-e90e3370b877	1561681898693	student	20	"bugs with orange antennae or wings"	bugs_orange_antennae_or_wings	3
0	false	true	false	logTest	mp-game-6	pilot	1123-e67f4a00-fbfa-4ab4-a29e-e90e3370b877	1561681903694	explorer	20	"bugs with orange antennae or wings"	bugs_orange_antennae_or_wings	3
1	false	true	false	logTest	mp-game-6	pilot	1123-e67f4a00-fbfa-4ab4-a29e-e90e3370b877	1561681903694	explorer	20	"bugs with orange antennae or wings"	bugs_orange_antennae_or_wings	3
2	true	true	true	logTest	mp-game-6	pilot	1123-e67f4a00-fbfa-4ab4-a29e-e90e3370b877	1561681903694	explorer	20	"bugs with orange antennae or wings"	bugs_orange_antennae_or_wings	3
3	false	true	false	logTest	mp-game-6	pilot	1123-e67f4a00-fbfa-4ab4-a29e-e90e3370b877	1561681903694	explorer	20	"bugs with orange antennae or wings"	bugs_orange_antennae_or_wings	3
4	false	true	false	logTest	mp-game-6	pilot	1123-e67f4a00-fbfa-4ab4-a29e-e90e3370b877	1561681903694	explorer	20	"bugs with orange antennae or wings"	bugs_orange_antennae_or_wings	3
5	false	true	false	logTest	mp-game-6	pilot	1123-e67f4a00-fbfa-4ab4-a29e-e90e3370b877	1561681903694	explorer	20	"bugs with orange antennae or wings"	bugs_orange_antennae_or_wings	3
6	false	true	false	logTest	mp-game-6	pilot	1123-e67f4a00-fbfa-4ab4-a29e-e90e3370b877	1561681903694	explorer	20	"bugs with orange antennae or wings"	bugs_orange_antennae_or_wings	3
7	true	true	true	logTest	mp-game-6	pilot	1123-e67f4a00-fbfa-4ab4-a29e-e90e3370b877	1561681903694	explorer	20	"bugs with orange antennae or wings"	bugs_orange_antennae_or_wings	3
8	false	true	false	logTest	mp-game-6	pilot	1123-e67f4a00-fbfa-4ab4-a29e-e90e3370b877	1561681903694	explorer	20	"bugs with orange antennae or wings"	bugs_orange_antennae_or_wings	3
9	false	true	false	logTest	mp-game-6	pilot	1123-e67f4a00-fbfa-4ab4-a29e-e90e3370b877	1561681903694	explorer	20	"bugs with orange antennae or wings"	bugs_orange_antennae_or_wings	3
10	false	true	false	logTest	mp-game-6	pilot	1123-e67f4a00-fbfa-4ab4-a29e-e90e3370b877	1561681903694	explorer	20	"bugs with orange antennae or wings"	bugs_orange_antennae_or_wings	3
11	false	false	true	logTest	mp-game-6	pilot	1123-e67f4a00-fbfa-4ab4-a29e-e90e3370b877	1561681903694	explorer	20	"bugs with orange antennae or wings"	bugs_orange_antennae_or_wings	3
12	false	false	true	logTest	mp-game-6	pilot	1123-e67f4a00-fbfa-4ab4-a29e-e90e3370b877	1561681903694	explorer	20	"bugs with orange antennae or wings"	bugs_orange_antennae_or_wings	3
13	false	true	false	logTest	mp-game-6	pilot	1123-e67f4a00-fbfa-4ab4-a29e-e90e3370b877	1561681903694	explorer	20	"bugs with orange antennae or wings"	bugs_orange_antennae_or_wings	3
14	false	true	false	logTest	mp-game-6	pilot	1123-e67f4a00-fbfa-4ab4-a29e-e90e3370b877	1561681903694	explorer	20	"bugs with orange antennae or wings"	bugs_orange_antennae_or_wings	3
15	false	true	false	logTest	mp-game-6	pilot	1123-e67f4a00-fbfa-4ab4-a29e-e90e3370b877	1561681903694	explorer	20	"bugs with orange antennae or wings"	bugs_orange_antennae_or_wings	3
16	false	true	false	logTest	mp-game-6	pilot	1123-e67f4a00-fbfa-4ab4-a29e-e90e3370b877	1561681903694	explorer	20	"bugs with orange antennae or wings"	bugs_orange_antennae_or_wings	3
17	false	true	false	logTest	mp-game-6	pilot	1123-e67f4a00-fbfa-4ab4-a29e-e90e3370b877	1561681903694	explorer	20	"bugs with orange antennae or wings"	bugs_orange_antennae_or_wings	3
18	false	true	false	logTest	mp-game-6	pilot	1123-e67f4a00-fbfa-4ab4-a29e-e90e3370b877	1561681903694	explorer	20	"bugs with orange antennae or wings"	bugs_orange_antennae_or_wings	3
19	false	true	false	logTest	mp-game-6	pilot	1123-e67f4a00-fbfa-4ab4-a29e-e90e3370b877	1561681903694	explorer	20	"bugs with orange antennae or wings"	bugs_orange_antennae_or_wings	3
20	false	true	false	logTest	mp-game-6	pilot	1123-e67f4a00-fbfa-4ab4-a29e-e90e3370b877	1561681903694	explorer	20	"bugs with orange antennae or wings"	bugs_orange_antennae_or_wings	3
21	false	true	false	logTest	mp-game-6	pilot	1123-e67f4a00-fbfa-4ab4-a29e-e90e3370b877	1561681903694	explorer	20	"bugs with orange antennae or wings"	bugs_orange_antennae_or_wings	3
22	false	true	false	logTest	mp-game-6	pilot	1123-e67f4a00-fbfa-4ab4-a29e-e90e3370b877	1561681903694	explorer	20	"bugs with orange antennae or wings"	bugs_orange_antennae_or_wings	3
23	false	true	false	logTest	mp-game-6	pilot	1123-e67f4a00-fbfa-4ab4-a29e-e90e3370b877	1561681903694	explorer	20	"bugs with orange antennae or wings"	bugs_orange_antennae_or_wings	3
24	false	true	false	logTest	mp-game-6	pilot	1123-e67f4a00-fbfa-4ab4-a29e-e90e3370b877	1561681903694	explorer	20	"bugs with orange antennae or wings"	bugs_orange_antennae_or_wings	3
25	false	true	false	logTest	mp-game-6	pilot	1123-e67f4a00-fbfa-4ab4-a29e-e90e3370b877	1561681903694	explorer	20	"bugs with orange antennae or wings"	bugs_orange_antennae_or_wings	3
26	false	true	false	logTest	mp-game-6	pilot	1123-e67f4a00-fbfa-4ab4-a29e-e90e3370b877	1561681903694	explorer	20	"bugs with orange antennae or wings"	bugs_orange_antennae_or_wings	3
27	false	true	false	logTest	mp-game-6	pilot	1123-e67f4a00-fbfa-4ab4-a29e-e90e3370b877	1561681903694	explorer	20	"bugs with orange antennae or wings"	bugs_orange_antennae_or_wings	3
28	false	true	false	logTest	mp-game-6	pilot	1123-e67f4a00-fbfa-4ab4-a29e-e90e3370b877	1561681903694	explorer	20	"bugs with orange antennae or wings"	bugs_orange_antennae_or_wings	3
29	false	true	false	logTest	mp-game-6	pilot	1123-e67f4a00-fbfa-4ab4-a29e-e90e3370b877	1561681903694	explorer	20	"bugs with orange antennae or wings"	bugs_orange_antennae_or_wings	3
30	false	true	false	logTest	mp-game-6	pilot	1123-e67f4a00-fbfa-4ab4-a29e-e90e3370b877	1561681903694	explorer	20	"bugs with orange antennae or wings"	bugs_orange_antennae_or_wings	3
31	false	true	false	logTest	mp-game-6	pilot	1123-e67f4a00-fbfa-4ab4-a29e-e90e3370b877	1561681903694	explorer	20	"bugs with orange antennae or wings"	bugs_orange_antennae_or_wings	3
32	false	true	false	logTest	mp-game-6	pilot	1123-e67f4a00-fbfa-4ab4-a29e-e90e3370b877	1561681903694	explorer	20	"bugs with orange antennae or wings"	bugs_orange_antennae_or_wings	3
33	false	true	false	logTest	mp-game-6	pilot	1123-e67f4a00-fbfa-4ab4-a29e-e90e3370b877	1561681903694	explorer	20	"bugs with orange antennae or wings"	bugs_orange_antennae_or_wings	3
34	false	true	false	logTest	mp-game-6	pilot	1123-e67f4a00-fbfa-4ab4-a29e-e90e3370b877	1561681903694	explorer	20	"bugs with orange antennae or wings"	bugs_orange_antennae_or_wings	3
35	false	true	false	logTest	mp-game-6	pilot	1123-e67f4a00-fbfa-4ab4-a29e-e90e3370b877	1561681903694	explorer	20	"bugs with orange antennae or wings"	bugs_orange_antennae_or_wings	3
36	false	true	false	logTest	mp-game-6	pilot	1123-e67f4a00-fbfa-4ab4-a29e-e90e3370b877	1561681903694	explorer	20	"bugs with orange antennae or wings"	bugs_orange_antennae_or_wings	3
37	false	true	false	logTest	mp-game-6	pilot	1123-e67f4a00-fbfa-4ab4-a29e-e90e3370b877	1561681903694	explorer	20	"bugs with orange antennae or wings"	bugs_orange_antennae_or_wings	3
38	false	true	false	logTest	mp-game-6	pilot	1123-e67f4a00-fbfa-4ab4-a29e-e90e3370b877	1561681903694	explorer	20	"bugs with orange antennae or wings"	bugs_orange_antennae_or_wings	3
39	false	true	false	logTest	mp-game-6	pilot	1123-e67f4a00-fbfa-4ab4-a29e-e90e3370b877	1561681903694	explorer	20	"bugs with orange antennae or wings"	bugs_orange_antennae_or_wings	3
40	false	true	false	logTest	mp-game-6	pilot	1123-e67f4a00-fbfa-4ab4-a29e-e90e3370b877	1561681903694	explorer	20	"bugs with orange antennae or wings"	bugs_orange_antennae_or_wings	3
41	false	true	false	logTest	mp-game-6	pilot	1123-e67f4a00-fbfa-4ab4-a29e-e90e3370b877	1561681903694	explorer	20	"bugs with orange antennae or wings"	bugs_orange_antennae_or_wings	3
42	false	true	false	logTest	mp-game-6	pilot	1123-e67f4a00-fbfa-4ab4-a29e-e90e3370b877	1561681903694	explorer	20	"bugs with orange antennae or wings"	bugs_orange_antennae_or_wings	3
43	false	true	false	logTest	mp-game-6	pilot	1123-e67f4a00-fbfa-4ab4-a29e-e90e3370b877	1561681903694	explorer	20	"bugs with orange antennae or wings"	bugs_orange_antennae_or_wings	3
44	false	true	false	logTest	mp-game-6	pilot	1123-e67f4a00-fbfa-4ab4-a29e-e90e3370b877	1561681903694	explorer	20	"bugs with orange antennae or wings"	bugs_orange_antennae_or_wings	3
45	false	true	false	logTest	mp-game-6	pilot	1123-e67f4a00-fbfa-4ab4-a29e-e90e3370b877	1561681903694	explorer	20	"bugs with orange antennae or wings"	bugs_orange_antennae_or_wings	3
46	false	true	false	logTest	mp-game-6	pilot	1123-e67f4a00-fbfa-4ab4-a29e-e90e3370b877	1561681903694	explorer	20	"bugs with orange antennae or wings"	bugs_orange_antennae_or_wings	3
47	true	true	true	logTest	mp-game-6	pilot	1123-e67f4a00-fbfa-4ab4-a29e-e90e3370b877	1561681903694	explorer	20	"bugs with orange antennae or wings"	bugs_orange_antennae_or_wings	3
48	false	false	true	logTest	mp-game-6	pilot	1123-e67f4a00-fbfa-4ab4-a29e-e90e3370b877	1561681903694	explorer	20	"bugs with orange antennae or wings"	bugs_orange_antennae_or_wings	3
49	false	true	false	logTest	mp-game-6	pilot	1123-e67f4a00-fbfa-4ab4-a29e-e90e3370b877	1561681903694	explorer	20	"bugs with orange antennae or wings"	bugs_orange_antennae_or_wings	3
0	false	false	true	logTest	mp-game-6	pilot	1123-e67f4a00-fbfa-4ab4-a29e-e90e3370b877	1561681965192	explorer	0	"flowers with orange stems"	flowers_orange_stems	4
1	false	false	true	logTest	mp-game-6	pilot	1123-e67f4a00-fbfa-4ab4-a29e-e90e3370b877	1561681965192	explorer	0	"flowers with orange stems"	flowers_orange_stems	4
2	true	false	false	logTest	mp-game-6	pilot	1123-e67f4a00-fbfa-4ab4-a29e-e90e3370b877	1561681965192	explorer	0	"flowers with orange stems"	flowers_orange_stems	4
3	false	true	false	logTest	mp-game-6	pilot	1123-e67f4a00-fbfa-4ab4-a29e-e90e3370b877	1561681965192	explorer	0	"flowers with orange stems"	flowers_orange_stems	4
4	false	true	false	logTest	mp-game-6	pilot	1123-e67f4a00-fbfa-4ab4-a29e-e90e3370b877	1561681965192	explorer	0	"flowers with orange stems"	flowers_orange_stems	4
5	false	true	false	logTest	mp-game-6	pilot	1123-e67f4a00-fbfa-4ab4-a29e-e90e3370b877	1561681965192	explorer	0	"flowers with orange stems"	flowers_orange_stems	4
6	false	false	true	logTest	mp-game-6	pilot	1123-e67f4a00-fbfa-4ab4-a29e-e90e3370b877	1561681965192	explorer	0	"flowers with orange stems"	flowers_orange_stems	4
7	true	true	true	logTest	mp-game-6	pilot	1123-e67f4a00-fbfa-4ab4-a29e-e90e3370b877	1561681965192	explorer	0	"flowers with orange stems"	flowers_orange_stems	4
8	false	false	true	logTest	mp-game-6	pilot	1123-e67f4a00-fbfa-4ab4-a29e-e90e3370b877	1561681965192	explorer	0	"flowers with orange stems"	flowers_orange_stems	4
9	false	false	true	logTest	mp-game-6	pilot	1123-e67f4a00-fbfa-4ab4-a29e-e90e3370b877	1561681965192	explorer	0	"flowers with orange stems"	flowers_orange_stems	4
10	false	false	true	logTest	mp-game-6	pilot	1123-e67f4a00-fbfa-4ab4-a29e-e90e3370b877	1561681965192	explorer	0	"flowers with orange stems"	flowers_orange_stems	4
11	false	true	false	logTest	mp-game-6	pilot	1123-e67f4a00-fbfa-4ab4-a29e-e90e3370b877	1561681965192	explorer	0	"flowers with orange stems"	flowers_orange_stems	4
12	false	false	true	logTest	mp-game-6	pilot	1123-e67f4a00-fbfa-4ab4-a29e-e90e3370b877	1561681965192	explorer	0	"flowers with orange stems"	flowers_orange_stems	4
13	false	false	true	logTest	mp-game-6	pilot	1123-e67f4a00-fbfa-4ab4-a29e-e90e3370b877	1561681965192	explorer	0	"flowers with orange stems"	flowers_orange_stems	4
14	false	true	false	logTest	mp-game-6	pilot	1123-e67f4a00-fbfa-4ab4-a29e-e90e3370b877	1561681965192	explorer	0	"flowers with orange stems"	flowers_orange_stems	4
15	false	false	true	logTest	mp-game-6	pilot	1123-e67f4a00-fbfa-4ab4-a29e-e90e3370b877	1561681965192	explorer	0	"flowers with orange stems"	flowers_orange_stems	4
16	false	true	false	logTest	mp-game-6	pilot	1123-e67f4a00-fbfa-4ab4-a29e-e90e3370b877	1561681965192	explorer	0	"flowers with orange stems"	flowers_orange_stems	4
17	false	false	true	logTest	mp-game-6	pilot	1123-e67f4a00-fbfa-4ab4-a29e-e90e3370b877	1561681965192	explorer	0	"flowers with orange stems"	flowers_orange_stems	4
18	false	false	true	logTest	mp-game-6	pilot	1123-e67f4a00-fbfa-4ab4-a29e-e90e3370b877	1561681965192	explorer	0	"flowers with orange stems"	flowers_orange_stems	4
19	false	false	true	logTest	mp-game-6	pilot	1123-e67f4a00-fbfa-4ab4-a29e-e90e3370b877	1561681965192	explorer	0	"flowers with orange stems"	flowers_orange_stems	4
20	false	false	true	logTest	mp-game-6	pilot	1123-e67f4a00-fbfa-4ab4-a29e-e90e3370b877	1561681965192	explorer	0	"flowers with orange stems"	flowers_orange_stems	4
21	false	true	false	logTest	mp-game-6	pilot	1123-e67f4a00-fbfa-4ab4-a29e-e90e3370b877	1561681965192	explorer	0	"flowers with orange stems"	flowers_orange_stems	4
22	false	true	false	logTest	mp-game-6	pilot	1123-e67f4a00-fbfa-4ab4-a29e-e90e3370b877	1561681965192	explorer	0	"flowers with orange stems"	flowers_orange_stems	4
23	false	true	false	logTest	mp-game-6	pilot	1123-e67f4a00-fbfa-4ab4-a29e-e90e3370b877	1561681965192	explorer	0	"flowers with orange stems"	flowers_orange_stems	4
24	false	true	false	logTest	mp-game-6	pilot	1123-e67f4a00-fbfa-4ab4-a29e-e90e3370b877	1561681965192	explorer	0	"flowers with orange stems"	flowers_orange_stems	4
25	false	false	true	logTest	mp-game-6	pilot	1123-e67f4a00-fbfa-4ab4-a29e-e90e3370b877	1561681965192	explorer	0	"flowers with orange stems"	flowers_orange_stems	4
26	false	false	true	logTest	mp-game-6	pilot	1123-e67f4a00-fbfa-4ab4-a29e-e90e3370b877	1561681965192	explorer	0	"flowers with orange stems"	flowers_orange_stems	4
27	false	false	true	logTest	mp-game-6	pilot	1123-e67f4a00-fbfa-4ab4-a29e-e90e3370b877	1561681965192	explorer	0	"flowers with orange stems"	flowers_orange_stems	4
28	false	true	false	logTest	mp-game-6	pilot	1123-e67f4a00-fbfa-4ab4-a29e-e90e3370b877	1561681965192	explorer	0	"flowers with orange stems"	flowers_orange_stems	4
29	false	true	false	logTest	mp-game-6	pilot	1123-e67f4a00-fbfa-4ab4-a29e-e90e3370b877	1561681965192	explorer	0	"flowers with orange stems"	flowers_orange_stems	4
30	false	true	false	logTest	mp-game-6	pilot	1123-e67f4a00-fbfa-4ab4-a29e-e90e3370b877	1561681965192	explorer	0	"flowers with orange stems"	flowers_orange_stems	4
31	false	true	false	logTest	mp-game-6	pilot	1123-e67f4a00-fbfa-4ab4-a29e-e90e3370b877	1561681965192	explorer	0	"flowers with orange stems"	flowers_orange_stems	4
32	false	true	false	logTest	mp-game-6	pilot	1123-e67f4a00-fbfa-4ab4-a29e-e90e3370b877	1561681965192	explorer	0	"flowers with orange stems"	flowers_orange_stems	4
33	false	true	false	logTest	mp-game-6	pilot	1123-e67f4a00-fbfa-4ab4-a29e-e90e3370b877	1561681965192	explorer	0	"flowers with orange stems"	flowers_orange_stems	4
34	false	false	true	logTest	mp-game-6	pilot	1123-e67f4a00-fbfa-4ab4-a29e-e90e3370b877	1561681965192	explorer	0	"flowers with orange stems"	flowers_orange_stems	4
35	false	true	false	logTest	mp-game-6	pilot	1123-e67f4a00-fbfa-4ab4-a29e-e90e3370b877	1561681965192	explorer	0	"flowers with orange stems"	flowers_orange_stems	4
36	false	false	true	logTest	mp-game-6	pilot	1123-e67f4a00-fbfa-4ab4-a29e-e90e3370b877	1561681965192	explorer	0	"flowers with orange stems"	flowers_orange_stems	4
37	false	true	false	logTest	mp-game-6	pilot	1123-e67f4a00-fbfa-4ab4-a29e-e90e3370b877	1561681965192	explorer	0	"flowers with orange stems"	flowers_orange_stems	4
38	false	false	true	logTest	mp-game-6	pilot	1123-e67f4a00-fbfa-4ab4-a29e-e90e3370b877	1561681965192	explorer	0	"flowers with orange stems"	flowers_orange_stems	4
39	false	false	true	logTest	mp-game-6	pilot	1123-e67f4a00-fbfa-4ab4-a29e-e90e3370b877	1561681965192	explorer	0	"flowers with orange stems"	flowers_orange_stems	4
40	false	true	false	logTest	mp-game-6	pilot	1123-e67f4a00-fbfa-4ab4-a29e-e90e3370b877	1561681965192	explorer	0	"flowers with orange stems"	flowers_orange_stems	4
41	false	true	false	logTest	mp-game-6	pilot	1123-e67f4a00-fbfa-4ab4-a29e-e90e3370b877	1561681965192	explorer	0	"flowers with orange stems"	flowers_orange_stems	4
42	false	false	true	logTest	mp-game-6	pilot	1123-e67f4a00-fbfa-4ab4-a29e-e90e3370b877	1561681965192	explorer	0	"flowers with orange stems"	flowers_orange_stems	4
43	false	false	true	logTest	mp-game-6	pilot	1123-e67f4a00-fbfa-4ab4-a29e-e90e3370b877	1561681965192	explorer	0	"flowers with orange stems"	flowers_orange_stems	4
44	false	false	true	logTest	mp-game-6	pilot	1123-e67f4a00-fbfa-4ab4-a29e-e90e3370b877	1561681965192	explorer	0	"flowers with orange stems"	flowers_orange_stems	4
45	false	true	false	logTest	mp-game-6	pilot	1123-e67f4a00-fbfa-4ab4-a29e-e90e3370b877	1561681965192	explorer	0	"flowers with orange stems"	flowers_orange_stems	4
46	false	false	true	logTest	mp-game-6	pilot	1123-e67f4a00-fbfa-4ab4-a29e-e90e3370b877	1561681965192	explorer	0	"flowers with orange stems"	flowers_orange_stems	4
47	false	false	true	logTest	mp-game-6	pilot	1123-e67f4a00-fbfa-4ab4-a29e-e90e3370b877	1561681965192	explorer	0	"flowers with orange stems"	flowers_orange_stems	4
48	false	false	true	logTest	mp-game-6	pilot	1123-e67f4a00-fbfa-4ab4-a29e-e90e3370b877	1561681965192	explorer	0	"flowers with orange stems"	flowers_orange_stems	4
49	false	false	true	logTest	mp-game-6	pilot	1123-e67f4a00-fbfa-4ab4-a29e-e90e3370b877	1561681965192	explorer	0	"flowers with orange stems"	flowers_orange_stems	4
0	false	false	true	logTest	mp-game-6	pilot	1123-e67f4a00-fbfa-4ab4-a29e-e90e3370b877	1561681967955	student	0	"flowers with orange stems"	flowers_orange_stems	4
1	false	false	true	logTest	mp-game-6	pilot	1123-e67f4a00-fbfa-4ab4-a29e-e90e3370b877	1561681967955	student	0	"flowers with orange stems"	flowers_orange_stems	4
2	true	false	false	logTest	mp-game-6	pilot	1123-e67f4a00-fbfa-4ab4-a29e-e90e3370b877	1561681967955	student	0	"flowers with orange stems"	flowers_orange_stems	4
3	false	true	false	logTest	mp-game-6	pilot	1123-e67f4a00-fbfa-4ab4-a29e-e90e3370b877	1561681967955	student	0	"flowers with orange stems"	flowers_orange_stems	4
4	false	true	false	logTest	mp-game-6	pilot	1123-e67f4a00-fbfa-4ab4-a29e-e90e3370b877	1561681967955	student	0	"flowers with orange stems"	flowers_orange_stems	4
5	false	true	false	logTest	mp-game-6	pilot	1123-e67f4a00-fbfa-4ab4-a29e-e90e3370b877	1561681967955	student	0	"flowers with orange stems"	flowers_orange_stems	4
6	false	false	true	logTest	mp-game-6	pilot	1123-e67f4a00-fbfa-4ab4-a29e-e90e3370b877	1561681967955	student	0	"flowers with orange stems"	flowers_orange_stems	4
7	true	true	true	logTest	mp-game-6	pilot	1123-e67f4a00-fbfa-4ab4-a29e-e90e3370b877	1561681967955	student	0	"flowers with orange stems"	flowers_orange_stems	4
8	false	false	true	logTest	mp-game-6	pilot	1123-e67f4a00-fbfa-4ab4-a29e-e90e3370b877	1561681967955	student	0	"flowers with orange stems"	flowers_orange_stems	4
9	false	false	true	logTest	mp-game-6	pilot	1123-e67f4a00-fbfa-4ab4-a29e-e90e3370b877	1561681967955	student	0	"flowers with orange stems"	flowers_orange_stems	4
10	false	false	true	logTest	mp-game-6	pilot	1123-e67f4a00-fbfa-4ab4-a29e-e90e3370b877	1561681967955	student	0	"flowers with orange stems"	flowers_orange_stems	4
11	false	true	false	logTest	mp-game-6	pilot	1123-e67f4a00-fbfa-4ab4-a29e-e90e3370b877	1561681967955	student	0	"flowers with orange stems"	flowers_orange_stems	4
12	false	false	true	logTest	mp-game-6	pilot	1123-e67f4a00-fbfa-4ab4-a29e-e90e3370b877	1561681967955	student	0	"flowers with orange stems"	flowers_orange_stems	4
13	false	false	true	logTest	mp-game-6	pilot	1123-e67f4a00-fbfa-4ab4-a29e-e90e3370b877	1561681967955	student	0	"flowers with orange stems"	flowers_orange_stems	4
14	false	true	false	logTest	mp-game-6	pilot	1123-e67f4a00-fbfa-4ab4-a29e-e90e3370b877	1561681967955	student	0	"flowers with orange stems"	flowers_orange_stems	4
15	false	false	true	logTest	mp-game-6	pilot	1123-e67f4a00-fbfa-4ab4-a29e-e90e3370b877	1561681967955	student	0	"flowers with orange stems"	flowers_orange_stems	4
16	false	true	false	logTest	mp-game-6	pilot	1123-e67f4a00-fbfa-4ab4-a29e-e90e3370b877	1561681967955	student	0	"flowers with orange stems"	flowers_orange_stems	4
17	false	false	true	logTest	mp-game-6	pilot	1123-e67f4a00-fbfa-4ab4-a29e-e90e3370b877	1561681967955	student	0	"flowers with orange stems"	flowers_orange_stems	4
18	false	false	true	logTest	mp-game-6	pilot	1123-e67f4a00-fbfa-4ab4-a29e-e90e3370b877	1561681967955	student	0	"flowers with orange stems"	flowers_orange_stems	4
19	false	false	true	logTest	mp-game-6	pilot	1123-e67f4a00-fbfa-4ab4-a29e-e90e3370b877	1561681967955	student	0	"flowers with orange stems"	flowers_orange_stems	4
20	false	false	true	logTest	mp-game-6	pilot	1123-e67f4a00-fbfa-4ab4-a29e-e90e3370b877	1561681967955	student	0	"flowers with orange stems"	flowers_orange_stems	4
21	false	true	false	logTest	mp-game-6	pilot	1123-e67f4a00-fbfa-4ab4-a29e-e90e3370b877	1561681967955	student	0	"flowers with orange stems"	flowers_orange_stems	4
22	false	true	false	logTest	mp-game-6	pilot	1123-e67f4a00-fbfa-4ab4-a29e-e90e3370b877	1561681967955	student	0	"flowers with orange stems"	flowers_orange_stems	4
23	false	true	false	logTest	mp-game-6	pilot	1123-e67f4a00-fbfa-4ab4-a29e-e90e3370b877	1561681967955	student	0	"flowers with orange stems"	flowers_orange_stems	4
24	false	true	false	logTest	mp-game-6	pilot	1123-e67f4a00-fbfa-4ab4-a29e-e90e3370b877	1561681967955	student	0	"flowers with orange stems"	flowers_orange_stems	4
25	false	false	true	logTest	mp-game-6	pilot	1123-e67f4a00-fbfa-4ab4-a29e-e90e3370b877	1561681967955	student	0	"flowers with orange stems"	flowers_orange_stems	4
26	false	false	true	logTest	mp-game-6	pilot	1123-e67f4a00-fbfa-4ab4-a29e-e90e3370b877	1561681967955	student	0	"flowers with orange stems"	flowers_orange_stems	4
27	false	false	true	logTest	mp-game-6	pilot	1123-e67f4a00-fbfa-4ab4-a29e-e90e3370b877	1561681967955	student	0	"flowers with orange stems"	flowers_orange_stems	4
28	false	true	false	logTest	mp-game-6	pilot	1123-e67f4a00-fbfa-4ab4-a29e-e90e3370b877	1561681967955	student	0	"flowers with orange stems"	flowers_orange_stems	4
29	false	true	false	logTest	mp-game-6	pilot	1123-e67f4a00-fbfa-4ab4-a29e-e90e3370b877	1561681967955	student	0	"flowers with orange stems"	flowers_orange_stems	4
30	false	true	false	logTest	mp-game-6	pilot	1123-e67f4a00-fbfa-4ab4-a29e-e90e3370b877	1561681967955	student	0	"flowers with orange stems"	flowers_orange_stems	4
31	false	true	false	logTest	mp-game-6	pilot	1123-e67f4a00-fbfa-4ab4-a29e-e90e3370b877	1561681967955	student	0	"flowers with orange stems"	flowers_orange_stems	4
32	false	true	false	logTest	mp-game-6	pilot	1123-e67f4a00-fbfa-4ab4-a29e-e90e3370b877	1561681967955	student	0	"flowers with orange stems"	flowers_orange_stems	4
33	false	true	false	logTest	mp-game-6	pilot	1123-e67f4a00-fbfa-4ab4-a29e-e90e3370b877	1561681967955	student	0	"flowers with orange stems"	flowers_orange_stems	4
34	false	false	true	logTest	mp-game-6	pilot	1123-e67f4a00-fbfa-4ab4-a29e-e90e3370b877	1561681967955	student	0	"flowers with orange stems"	flowers_orange_stems	4
35	false	true	false	logTest	mp-game-6	pilot	1123-e67f4a00-fbfa-4ab4-a29e-e90e3370b877	1561681967955	student	0	"flowers with orange stems"	flowers_orange_stems	4
36	false	false	true	logTest	mp-game-6	pilot	1123-e67f4a00-fbfa-4ab4-a29e-e90e3370b877	1561681967955	student	0	"flowers with orange stems"	flowers_orange_stems	4
37	false	true	false	logTest	mp-game-6	pilot	1123-e67f4a00-fbfa-4ab4-a29e-e90e3370b877	1561681967955	student	0	"flowers with orange stems"	flowers_orange_stems	4
38	false	false	true	logTest	mp-game-6	pilot	1123-e67f4a00-fbfa-4ab4-a29e-e90e3370b877	1561681967955	student	0	"flowers with orange stems"	flowers_orange_stems	4
39	false	false	true	logTest	mp-game-6	pilot	1123-e67f4a00-fbfa-4ab4-a29e-e90e3370b877	1561681967955	student	0	"flowers with orange stems"	flowers_orange_stems	4
40	false	true	false	logTest	mp-game-6	pilot	1123-e67f4a00-fbfa-4ab4-a29e-e90e3370b877	1561681967955	student	0	"flowers with orange stems"	flowers_orange_stems	4
41	false	true	false	logTest	mp-game-6	pilot	1123-e67f4a00-fbfa-4ab4-a29e-e90e3370b877	1561681967955	student	0	"flowers with orange stems"	flowers_orange_stems	4
42	false	false	true	logTest	mp-game-6	pilot	1123-e67f4a00-fbfa-4ab4-a29e-e90e3370b877	1561681967955	student	0	"flowers with orange stems"	flowers_orange_stems	4
43	false	false	true	logTest	mp-game-6	pilot	1123-e67f4a00-fbfa-4ab4-a29e-e90e3370b877	1561681967955	student	0	"flowers with orange stems"	flowers_orange_stems	4
44	false	false	true	logTest	mp-game-6	pilot	1123-e67f4a00-fbfa-4ab4-a29e-e90e3370b877	1561681967955	student	0	"flowers with orange stems"	flowers_orange_stems	4
45	false	true	false	logTest	mp-game-6	pilot	1123-e67f4a00-fbfa-4ab4-a29e-e90e3370b877	1561681967955	student	0	"flowers with orange stems"	flowers_orange_stems	4
46	false	false	true	logTest	mp-game-6	pilot	1123-e67f4a00-fbfa-4ab4-a29e-e90e3370b877	1561681967955	student	0	"flowers with orange stems"	flowers_orange_stems	4
47	false	false	true	logTest	mp-game-6	pilot	1123-e67f4a00-fbfa-4ab4-a29e-e90e3370b877	1561681967955	student	0	"flowers with orange stems"	flowers_orange_stems	4
48	false	false	true	logTest	mp-game-6	pilot	1123-e67f4a00-fbfa-4ab4-a29e-e90e3370b877	1561681967955	student	0	"flowers with orange stems"	flowers_orange_stems	4
49	false	false	true	logTest	mp-game-6	pilot	1123-e67f4a00-fbfa-4ab4-a29e-e90e3370b877	1561681967955	student	0	"flowers with orange stems"	flowers_orange_stems	4
